dataset_id,name,category,subcategory,repository,canonical_url,download_or_api_url,doi,application,modality,file_formats,sample_count,subject_count,feature_count,target,class_distribution,geographic_coverage,temporal_coverage,collection_method,missing_data,annotation,license,access_level,access_prerequisites,download_method,version,citation,checksum_or_manifest,limitations,mirrors,verification_status,derived_status,verification_method,verified_on,approx_size
BIO-001,Molecular Biology (Splice-junction Gene Sequences),Biomedical/Molecular,genomics,UCI Machine Learning Repository (id 69),https://archive.ics.uci.edu/dataset/69/molecular+biology+splice+junction+gene+sequences,https://archive.ics.uci.edu/static/public/69/molecular+biology+splice+junction+gene+sequences.zip,10.24432/C5M888,Splice junction (exon/intron boundary) recognition; classification [genomics (DNA sequence)],Primate DNA sequence windows,"splice.data (text, comma-separated), splice.names, splice.theory, .Z archive","3,190 instances",Not reported,"60 categorical features (Base1-Base60, positions -30 to +30)","class: n (neither), ei (exon/intron), ie (intron/exon)",Not reported on landing page,Not reported,Not reported,Primate gene sequences; donated 12/31/1991,No,"Nucleotides a/g/t/c with ambiguity codes D, N, S, R; instancename ID",CC BY 4.0,open,None,Direct ZIP download from UCI,Donated 1991-12-31,Molecular Biology (Splice-junction Gene Sequences) [Dataset]. (1991). UCI Machine Learning Repository. https://doi.org/10.24432/C5M888,Not reported,"3,190 rows; 60-nt fixed windows; primate only; ambiguity codes present. Assessment: legacy benchmark, small by modern genomics standards.",Not reported,access_verified,Preprocessing validated,WebFetch of UCI landing page (UCI API ?id= returned wrong dataset (Heart Disease) and was discarded),2026-10-04,163.1 KB (zip); splice.data 311.5 KB
BIO-002,Molecular Biology (Promoter Gene Sequences),Biomedical/Molecular,genomics,UCI Machine Learning Repository (id 67),https://archive.ics.uci.edu/dataset/67/molecular+biology+promoter+gene+sequences,https://archive.ics.uci.edu/static/public/67/molecular+biology+promoter+gene+sequences.zip,10.24432/C5S01D,E. coli promoter recognition; binary classification (KBANN domain-theory benchmark) [genomics (DNA sequence)],E. coli DNA sequences,"promoters.data (text), promoters.names, promoters.theory",106 instances,Not reported,57 nominal features (positions p-50 to p+7),Class {+/-}; '+' = promoter,Not reported on landing page,Not reported,Not reported,Donated 6/29/1990; with partial domain theory,No,"Each position in {a,g,t,c}; instance name",CC BY 4.0,open,None,Direct ZIP download from UCI,Donated 1990-06-29,"Harley, C., Reynolds, R., & Noordewier, M. (1987). UCI Machine Learning Repository. https://doi.org/10.24432/C5S01D; see Towell, Shavlik & Noordewier (1990)",Not reported,Only 106 instances; single organism (E. coli). Leave-one-out results reported (KBANN 4/106 errors).,Not reported,access_verified,Preprocessing validated,WebFetch of UCI landing page (UCI API ?id= returned wrong dataset and was discarded),2026-10-04,promoters.data 7 KB
BIO-003,gene expression cancer RNA-Seq,Biomedical/Molecular,transcriptomics,UCI Machine Learning Repository (id 401),https://archive.ics.uci.edu/dataset/401/gene+expression+cancer+rna+seq,https://archive.ics.uci.edu/static/public/401/gene+expression+cancer+rna+seq.zip,10.24432/C5R88H,Tumour type classification / clustering,RNA-Seq gene expression (Illumina HiSeq),"TCGA-PANCAN-HiSeq-801x20531.tar.gz (tabular, samples row-wise)",801 instances,Not reported,"20,531 real-valued features (gene_XX placeholders)","Tumour type: BRCA, KIRC, COAD, LUAD, PRAD",Not reported on landing page,Not reported,Not reported,Random extraction from TCGA RNA-Seq (HiSeq) PANCAN dataset (Synapse syn4301332); donated 6/8/2016,No,Tumour type labels; full probe names in original Synapse submission,CC BY 4.0,open,None,Direct ZIP download from UCI,Donated 2016-06-08,"Fiorini, S. (2016). gene expression cancer RNA-Seq [Dataset]. UCI Machine Learning Repository. https://doi.org/10.24432/C5R88H",Not reported,Gene names anonymised (gene_XX); 5 tumour types only; derived subset of TCGA PANCAN.,Original source: Synapse syn4301332 (https://www.synapse.org/#!Synapse:syn4301332),access_verified,Parsed,WebFetch of UCI landing page (UCI API ?id= returned wrong dataset and was discarded),2026-10-04,69.5 MB (tar.gz)
BIO-004,NCBI Gene Expression Omnibus (GEO),Biomedical/Molecular,transcriptomics,NCBI,https://www.ncbi.nlm.nih.gov/geo/,https://eutils.ncbi.nlm.nih.gov/entrez/eutils/einfo.fcgi?db=gds,Not reported,Functional genomics data archive (expression profiling and other high-throughput data) [transcriptomics (database)],Gene expression / functional genomics,Not verified (landing page behind browser check),"8,982,822 records in Entrez 'gds' (GEO DataSets) database, lastupdate 2026/08/04 (E-utilities EInfo)",Not reported,Varies per series,Varies per series,Varies per series,Not reported,Not reported,Submitter-deposited studies,Varies,Varies,Not verified,open,Not verified,Entrez E-utilities API (einfo confirmed); other methods not verified,EInfo lastupdate 2026/08/04 20:52,Not verified,Not reported,"GEO landing pages returned a reCAPTCHA browser check; only the E-utilities metadata endpoint was readable. The gds count mixes record types (series, samples, platforms, datasets). Assessment: heterogeneous; needs per-series curation.",Not reported,source_verified,Source verified,WebFetch of geo/ and geo/summary blocked by reCAPTCHA; E-utilities EInfo JSON (db=gds) fetched,2026-10-04,Not reported
BIO-005,NCI Genomic Data Commons (GDC) incl. TCGA,Biomedical/Molecular,genomics,NCI GDC,https://portal.gdc.cancer.gov/,https://api.gdc.cancer.gov/ (REST API); GDC Data Transfer Tool,Not reported,"Cancer genomics, clinical and biospecimen data for research [multi-omics (cancer genomics)]","Genomic sequencing, RNA-Seq, variants (MAF), CNV, clinical, biospecimen","BAM, MAF, clinical supplements and others (from release notes); full list not reported on pages fetched","1,337,360 files; 50,571 cases; 93 projects (GDC API pagination totals, Data Release 46.0, 2026-08-10)","50,571 cases",Varies,Varies,Not reported,Not reported,Not reported,"Aggregated programmes (TCGA, CPTAC-3, etc.) harmonised by GDC pipelines",Not reported,Clinical/biospecimen metadata,Not reported (GDC 'Data Access Policies' referenced but not quoted),controlled,"Open tier: no authentication. Controlled tier (low-level sequence data, germline variants, SNP6 genotypes, some clinical): eRA Commons login + dbGaP authorization",GDC Data Portal; GDC Data Transfer Tool (manifest + token); GDC API,Data Release 46.0 (2026-08-10),Not reported,Manifests generated in Data Portal for Data Transfer Tool,"Mixed open/controlled tiers; 'all tumor-only variants are controlled-access' (release notes). Counts cover all GDC projects, not TCGA alone.",Not reported,access_verified,Access verified,"Portal landing (JS, empty) + GDC API /status, /projects, /cases, /files + release notes + data access page",2026-10-04,Not reported
BIO-006,UniProtKB/Swiss-Prot,Biomedical/Molecular,proteomics,UniProt Consortium,https://www.uniprot.org/,https://rest.uniprot.org/uniprotkb/search?query=reviewed:true,Not reported,Manually reviewed protein sequence and functional annotation knowledgebase [proteomics (protein sequences)],Protein sequences + annotation,JSON via REST API (confirmed); FASTA/flat file not confirmed on pages fetched,"575,748 sequence entries (Release 2026_03, 02-Sep-2026)",Not reported,"209,017,843 amino acids; curated from 313,807 unique references",N/A (reference database),N/A,Not reported,Not reported,Manual expert curation,Not reported,Reviewed (Swiss-Prot) entries,CC BY 4.0 ('applied to all copyrightable parts of our databases'),open,None,REST API (rest.uniprot.org); FTP not reachable for verification,2026_03 (02-Sep-2026),See https://www.uniprot.org/help/publications (not fetched),Not reported,Assessment: reviewed subset only; TrEMBL (unreviewed) not covered here.,ExPASy release notes: https://web.expasy.org/docs/relnotes/relstat.html,access_verified,Access verified,uniprot.org pages JS-only; ExPASy relstat + rest.uniprot.org/help/license + REST search JSON fetched,2026-10-04,Not reported
BIO-007,RCSB Protein Data Bank (PDB),Biomedical/Molecular,protein_structures,RCSB PDB (wwPDB member),https://www.rcsb.org/,https://files.wwpdb.org ; https://files.rcsb.org/download/<id>.cif.gz ; rsync://rsync.rcsb.org,Not reported,Experimentally determined 3D structures of biological macromolecules [protein structures],3D macromolecular structures,"PDBx/mmCIF, legacy PDB, BinaryCIF, PDBML/XML; FASTA sequences; structure factors, NMR restraints, maps, validation reports",Not verified (statistics pages rendered without counts),Not reported,N/A,N/A,N/A,Not reported,Not reported,Depositor submissions curated by wwPDB,Not reported,wwPDB curation/annotation standards,CC0 1.0 Universal (data files and API data),open,None,"HTTPS (files.wwpdb.org / files.rcsb.org), rsync; FTP no longer supported",Weekly releases (not quoted); version not reported,Users encouraged to attribute original structure authors,Not reported,Entry count could not be retrieved (search API GET returned 400/URL too long).,wwPDB partners (files.wwpdb.org),access_verified,Access verified,"WebFetch of rcsb.org, usage policy and file download services docs",2026-10-04,Not reported
BIO-008,AlphaFold Protein Structure Database,Biomedical/Molecular,protein_structures,EMBL-EBI / Google DeepMind,https://alphafold.ebi.ac.uk/,https://ftp.ebi.ac.uk/pub/databases/alphafold ; https://alphafold.ebi.ac.uk/api-docs,Not reported,Predicted protein structures [protein structures (predicted)],Predicted 3D protein structures,"PDB (.gz), mmCIF (.gz), PAE JSON; per-proteome .tar archives","'over 260 million protein structure predictions' (homepage, fetched 2026-10-04)",Not reported,N/A,N/A,N/A,Not reported,Not reported,AlphaFold model predictions,Not reported,Predicted aligned error (PAE),CC-BY-4.0 (academic and commercial use),open,None,"FTP/HTTPS bulk by proteome (48 model organisms, global health, Swiss-Prot); per-entry download; API",Not reported,"Bertoni D. et al. AlphaFold Protein Structure Database 2025, Nucleic Acids Research (2025); download page also cites Fleming J. et al. (2025)",Not reported,"Proteins >2700 aa split into overlapping 1400-aa fragments. Predictions, not experimental structures.","Google Cloud (mentioned, details not on page)",access_verified,Access verified,WebFetch of homepage + download page,2026-10-04,Not reported
BIO-009,BindingDB,Biomedical/Molecular,drug_target,BindingDB (UC San Diego Skaggs School of Pharmacy),https://www.bindingdb.org/,https://www.bindingdb.org/rwd/bind/chemsearch/marvin/Download.jsp,Not reported,Protein-ligand binding affinities for drug discovery [drug-target binding affinity],Small molecules + protein targets + affinity measurements,"TSV (one row per measurement, includes SMILES), 2D/3D SDF, MySQL dump",3.2M data for 1.4M compounds and 11.5K targets (as of 2026-08-22); curated: 1.6M data / 772K compounds / 4.8K targets,Not reported,Not reported,Binding affinity measurements,N/A,Not reported,Not reported,"Curation from literature, patents and ChEMBL source",Not reported,Not reported,Not reported,open,Not reported,Direct downloads (TSV/SDF/MySQL); monthly updates; quarterly archives at UC San Diego Library,Release 202610 (2026-10-01),Not reported,Not reported,License not stated on pages fetched.,UC San Diego Library archive: https://library.ucsd.edu/dc/collection/bb03870458,access_verified,Access verified,WebFetch of homepage + Download page,2026-10-04,All data: 566.75 MB TSV; 1.49 GB 2D SDF; 3.07 GB 3D SDF
BIO-010,ChEMBL,Biomedical/Molecular,drug_target,EMBL-EBI,https://www.ebi.ac.uk/chembl/,https://www.ebi.ac.uk/chembl/api/data/ (status.json confirmed),Not reported,Manually curated bioactive molecules with drug-like properties [drug-target / bioactivity],"Compounds, bioassay activities, targets",JSON via REST API (confirmed); dump formats not reported on page,"24,527,044 activities; 2,921,148 distinct compounds; 3,824,604 compound records; 18,552 targets; 101,100 publications (ChEMBL_37, 2026-05-01)",Not reported,N/A,Bioactivity values,N/A,Not reported,Not reported,Manual curation from literature and other sources,Not reported,Manual curation,CC BY-SA 3.0 Unported,open,None,REST API; bulk downloads not listed on page fetched,ChEMBL_37 (2026-05-01),"The ChEMBL Database in 2023, Nucleic Acids Res. 2023; doi:10.1093/nar/gkad1004",Not reported,Assessment: activity values heterogeneous across assay types.,Not reported,access_verified,Access verified,WebFetch of landing page + API status.json,2026-10-04,Not reported
BIO-011,DrugBank,Biomedical/Molecular,drug_target,DrugBank (OMx),https://go.drugbank.com/,https://go.drugbank.com/releases/latest,Not reported,Drug and drug-target knowledgebase,"Drugs, targets, structures, protein sequences","XML (full DB, 204 MB), CSV, SDF (2D/3D), FASTA","19,872 drugs (15,505 small molecule; 4,367 biotech; 4,805 approved); 24,329 drug-target associations across 5,162 unique targets (stats page, undated)",Not reported,N/A,N/A,"Approved 4,805; experimental 8,878; withdrawn 924; illicit 205; nutraceutical 135",Not reported,Not reported,Not reported,Not reported,Not reported,Academic: CC BY-NC 4.0; Open Data subset: CC0; commercial use requires paid licence,registration,Account + academic licence approval for non-commercial research; 'All Academic DrugBank dataset downloads are temporarily paused',Release downloads (currently 'Temporarily unavailable'),5.1.22 (2026-06-27),Not reported (citation guidance referenced on releases page),Not reported,Academic downloads paused as of fetch; non-commercial licence for full DB.,Not reported,access_verified,Access verified,WebFetch of homepage + releases/latest + stats,2026-10-04,XML 204 MB
BIO-012,"MoleculeNet (Tox21, BBBP, HIV, etc.)",Biomedical/Molecular,molecular,MoleculeNet / DeepChem,https://moleculenet.org/datasets-1,DeepChem loaders (deepchem.molnet); https://deepchem.readthedocs.io/en/latest/api_reference/moleculenet.html,10.1039/c7sc02664a,"Benchmarking molecular ML (quantum, physical chemistry, biophysics, physiology) [molecular property benchmarks]",Small molecules,SMILES (all); 3D coordinates for QM7/QM8/QM9/PDBbind,"Per paper Table 1: Tox21 8,014; BBBP 2,053; HIV 41,913; ClinTox 1,491; SIDER 1,427; BACE 1,522; ToxCast 8,615; ESOL 1,128; FreeSolv 643; Lipophilicity 4,200; PCBA 439,863; MUV 93,127; QM9 133,885 compounds",Not reported,"Tasks: Tox21 12, ToxCast 617, SIDER 27, PCBA 128, MUV 17, ClinTox 2, QM9 12, others 1",Per dataset (binary toxicity/activity labels or regression),Not reported,Not reported,Not reported,Curated from public datasets,Not reported,"Recommended splits: random/scaffold/stratified/time; metrics ROC-AUC, PRC-AUC, RMSE, MAE",Not reported for data (article: CC BY-NC 3.0 Unported),open,None,DeepChem molnet loaders,Not reported,"Wu Z, Ramsundar B, et al. MoleculeNet: A Benchmark for Molecular Machine Learning. Chem. Sci. 2018 (pub. 2017-10-31). doi:10.1039/c7sc02664a; arXiv:1703.00564",Not reported,"moleculenet.org root returned 404; dataset licence not stated. Assessment: some sets (Tox21, PDBbind, QM9) are redistributions of upstream data with own terms.",Not reported,source_verified,Source verified,"WebFetch of moleculenet.org/datasets-1, DeepChem docs, arXiv abstract, RSC article Table 1",2026-10-04,Not reported
BIO-013,QM9 (Quantum chemistry structures and properties of 134 kilo molecules),Biomedical/Molecular,molecular,figshare,https://doi.org/10.6084/m9.figshare.c.978904.v5,https://api.figshare.com/v2/collections/978904 (articles e.g. 1057646 'Data for 133885 GDB-9 molecules'),10.6084/m9.figshare.c.978904.v5,Quantum property prediction / ML for chemistry [quantum chemistry / molecular],"Small organic molecules (C, H, O, N, F; up to 9 heavy atoms)","Extended XYZ (coordinates, properties in comment line, Mulliken charges, harmonic frequencies, SMILES, InChI)","133,885 GDB-9 molecules; plus 6,095 constitutional isomers of C7H10O2 (G4MP2)",Not reported,"Geometric, energetic, electronic, thermodynamic properties (B3LYP/6-31G(2df,p))","Quantum properties (e.g., atomization energies, HOMO/LUMO, dipole moment, polarizability)",N/A,Not reported,Not reported,"DFT calculations at B3LYP/6-31G(2df,p); G4MP2 for C7H10O2 isomers","3,054 molecules failed geometry consistency check (listed in 'Uncharacterized' file)",Atomref reference energies; validation benchmarks,Nature article page states CC BY-NC-SA 4.0 for article and data (figshare metadata: not reported),open,None,figshare collection file download,v5 (published 2019-06-18),"Ramakrishnan R, Dral PO, Rupp M, von Lilienfeld OA. Quantum chemistry structures and properties of 134 kilo molecules. Sci Data 1, 140022 (2014). doi:10.1038/sdata.2014.22",Not reported,"Computed (not experimental) properties; only CHONF, ≤9 heavy atoms; 3,054 uncharacterized molecules.","MoleculeNet/DeepChem QM9 loader (133,885 compounds)",access_verified,Access verified,WebFetch of figshare collection page + figshare API (collection + articles) + Sci Data article,2026-10-04,Not reported
BIO-014,Therapeutics Data Commons (TDC),Biomedical/Molecular,drug_target,TDC (tdcommons.ai),https://tdcommons.ai/,pip install PyTDC (Python loaders),Not reported,"AI-ready datasets, tasks and leaderboards across therapeutics pipeline [drug discovery benchmarks]","Small molecules, proteins, antibodies, peptides, clinical trials, etc.",Loaded via PyTDC (pandas DataFrames); representations incl. SMILES and amino-acid sequences,22 ML tasks listed on overview page (dataset count not reported),Not reported,N/A,Per task,N/A,Not reported,Not reported,Curated from public sources,Not reported,"Benchmark splits and leaderboards (ADMET, DrugCombo, Docking, DTI DG, etc.)","Not reported on overview; per-dataset (e.g., DAVIS/KIBA: CC BY 4.0)",open,None,PyTDC Python package,Not reported,"Huang K et al. Therapeutics Data Commons, NeurIPS 2021 (arXiv:2102.09548); Artificial Intelligence Foundation for Therapeutic Science, Nature Chemical Biology 2022",Not reported,Licences vary per dataset.,Not reported,access_verified,Access verified,WebFetch of tdcommons.ai homepage + overview + DTI page,2026-10-04,Not reported
BIO-015,PubChem,Biomedical/Molecular,molecular,NCBI,https://pubchem.ncbi.nlm.nih.gov/,Not verified (PUG-REST and FTP named on docs page; PUG-REST endpoint disallowed by robots.txt for fetcher),Not reported,"Chemical substances, compounds and bioassays [chemical database]",Small molecules + bioassay data,"CSV, JSON, JSONL, XML, RDF (docs/downloads page)",Not verified (statistics page is JavaScript-rendered),Not reported,N/A,N/A,N/A,Not reported,Not reported,Aggregated from depositors,Not reported,Not reported,Not reported on pages fetched,open,Not verified,"Individual record downloads, PUG-REST, E-Utilities, FTP (per docs/downloads page)",Not reported,Not reported,Not reported,Pages are JS-rendered; counts and licence not captured.,Not reported,source_verified,Source verified,"WebFetch of docs/statistics, docs/about, docs/downloads (JS-only content); PUG-REST/eutils pccompound blocked by robots.txt",2026-10-04,Not reported
BIO-016,STRING protein-protein interaction networks,Biomedical/Molecular,pathways,STRING consortium,https://string-db.org/,https://string-db.org/cgi/download (not fetchable: robots.txt); REST API,Not reported,Known and predicted protein-protein associations [interaction networks],Protein interaction networks,Not verified (download page blocked),"59,309,604 proteins from 12,535 organisms; 28,464,487,749 interactions (v12.5)",Not reported,Interaction scores,N/A,N/A,Not reported,Not reported,Integrated evidence channels (not detailed on page),Not reported,Not reported,Creative Commons BY 4.0 ('All data and download files in STRING are freely available'),open,None,"Website, REST API, download page",12.5 (since 2026-09-29 per access page),Not reported (refers to References section),Not reported,Assessment: many interactions are predicted rather than experimental.,Not reported,access_verified,Access verified,WebFetch of cgi/access; cgi/download blocked by robots.txt,2026-10-04,Not reported
BIO-017,Reactome,Biomedical/Molecular,pathways,Reactome,https://reactome.org/,https://reactome.org/download-data,Not reported,Curated biological pathway knowledgebase,"Pathways, reactions, proteins, small molecules","Neo4j graph DB, MySQL dumps, BioPAX Level 3, SBML L3v1, SBGN, GMT, TSV/TXT mapping files, PSI-MITAB, SVG/PNG, PDF",Not verified (statistics page content not rendered),Not reported,N/A,N/A,N/A,Not reported,Not reported,Expert curation,Not reported,"Mappings to UniProt, ChEBI, Ensembl, miRBase, NCBI",Data: CC0; illustrations/icons: CC BY 4.0; software: Apache 2.0,open,None,Direct downloads; quarterly releases since v89 on Zenodo,Release 97 (2026-06-30),Not reported (Cite Us section did not load),Not reported,Counts not captured.,Zenodo (quarterly releases from v89),access_verified,Access verified,"WebFetch of homepage, license, download-data; statistics page and ContentService blocked/empty",2026-10-04,Not reported
BIO-018,KEGG,Biomedical/Molecular,pathways,Kanehisa Laboratories,https://www.kegg.jp/,KEGG FTP (subscription via Pathway Solutions),Not reported,"Pathway maps, orthology, genes, compounds, drugs",Pathways / genomes / chemicals,Not reported,"587 pathway maps; 28,512 KOs; 67,452,901 genes; 19,662 compounds; 12,896 drugs; 11,951 organisms (statistics page, updated 2026/10/01-03)",Not reported,N/A,N/A,N/A,Not reported,Not reported,Manual curation,Not reported,Not reported,Copyright Kanehisa Laboratories; academic website use free; academic service providers need FTP academic subscription; non-academic use requires commercial licence (Pathway Solutions),registration,FTP bulk requires paid subscription; commercial licence for non-academic use,Website (academic); FTP by subscription,Statistics as of 2026/10/02,Not reported,Not reported,Restrictive licensing for bulk/commercial use. kegg.jp/kegg/ returned too many redirects.,GenomeNet mirror: https://www.genome.jp/kegg/,access_verified,Access verified,WebFetch of kegg.jp/kegg/legal.html + docs/statistics.html,2026-10-04,Not reported
BIO-019,Davis / KIBA drug-target affinity benchmarks (via TDC),Biomedical/Molecular,drug_target,Therapeutics Data Commons,https://tdcommons.ai/multi_pred_tasks/dti/,from tdc.multi_pred import DTI; DTI(name='DAVIS') / DTI(name='KIBA'),Not reported,Drug-target binding affinity regression [drug-target affinity],Compound SMILES + target amino-acid sequences,"PyTDC DataFrames (SMILES, protein sequences)","DAVIS: 25,772 DTI pairs, 68 drugs, 379 proteins; KIBA: 117,657 pairs, 2,068 drugs, 229 proteins (TDC v0.3.2 update)",Not reported,N/A,DAVIS: binding affinity (page suggests log-transform to pKd etc.); KIBA: KIBA score,N/A (regression),Not reported,Not reported,"DAVIS: 72 kinase inhibitors vs 442 kinases (>80% of human catalytic kinome); KIBA: model-based integration of IC50, Ki, Kd",Not reported,TDC benchmark splits,CC BY 4.0 (stated on TDC DTI page),open,None,PyTDC,TDC v0.3.2 update,"Davis M et al. Nat Biotechnol 29, 1046-1051 (2011); Tang J et al. J Chem Inf Model 2014;54(3):735-743; Huang K et al. DeepPurpose, Bioinformatics",Not reported,Kinase-only targets. Assessment: page summary gave conflicting unit wording for DAVIS; original Davis study reports Kd.,"Also in TDC: BindingDB_Kd, BindingDB_IC50, BindingDB_Ki",access_verified,Access verified,WebFetch of TDC DTI page (twice),2026-10-04,Not reported
BIO-020,Tox21 Data Challenge 2014,Biomedical/Molecular,molecular,NCATS (tripod.nih.gov),https://tripod.nih.gov/tox21/challenge/,https://tripod.nih.gov/tox21/challenge/download?id=tox21_10k_data_allsdf&sec=,Not reported,Predict compound interference in nuclear receptor and stress response pathways from structure [molecular toxicity],Small molecules,"SDF, SMILES","~10,000 compounds (Tox21 10K collection) training; separate independent test set",Not reported,Chemical structure only,12 binary assay outcomes,Not reported,Not reported,2014 challenge,Qualitative HTS assay activity from Tox21 10K library (NCATS),Not reported,"NR panel: NR-AR, NR-AhR, NR-AR-LBD, NR-ER, NR-ER-LBD, NR-aromatase, NR-PPAR-gamma; SR panel: SR-ARE, SR-ATAD5, SR-HSE, SR-MMP, SR-p53 (PubChem AIDs listed)",Not reported,open,None stated,Direct downloads per assay (SDF/SMILES); test and final evaluation sets,2014 challenge (submissions 2014-08-18 to 2014-11-14; winners 2015-01-12),Not reported (special issue in Frontiers in Environmental Science mentioned),Not reported,Licence not stated; exact per-split counts not on pages.,"MoleculeNet Tox21 (8,014 compounds, 12 tasks); PubChem AIDs 743040 etc.",access_verified,Access verified,WebFetch of challenge homepage + data.jsp,2026-10-04,Not reported
CLN-001,Heart Disease,Clinical/Tabular,cardiovascular,UCI Machine Learning Repository,https://archive.ics.uci.edu/dataset/45,https://archive.ics.uci.edu/static/public/45/data.csv,10.24432/C52P4X,Diagnosis of coronary artery disease (angiographic) classification,Tabular,"Comma-delimited .data files (cleveland.data, hungarian.data, switzerland.data, long-beach-va.data, new.data); data.csv via API",303 instances,303 instances (Cleveland subset used in ML),13 features (subset of 14 used out of 76 attributes),"num: diagnosis of heart disease (angiographic disease status), integer 0 (no presence) to 4; usually binarised presence vs absence",Not reported,"4 databases: Cleveland, Hungary, Switzerland, VA Long Beach",Dataset created 1989; donated 6/30/1988,Clinical records from 4 sites; patient identifiers removed and replaced with dummy values,Yes (symbol NaN per API),Angiographic diagnosis,CC BY 4.0 (Creative Commons Attribution 4.0 International),open,None (no login),Direct HTTPS download of zip from UCI landing page or ucimlrepo Python package,Not reported,"Janosi, A., Steinbrunn, W., Pfisterer, M., & Detrano, R. (1989). Heart Disease [Dataset]. UCI ML Repository. https://doi.org/10.24432/C52P4X; intro paper Detrano et al. 1989, Am J Cardiol",Not reported,303 rows; only Cleveland subset widely used; 76 raw attributes but 14 used in published work,Not reported,access_verified,Preprocessing validated,WebFetch of UCI landing page + UCI API JSON (id=45; record name matches Heart Disease),2026-10-04,125.9 KB download (raw files ~563 KB total)
CLN-002,Pima Indians Diabetes (OpenML 'diabetes'),Clinical/Tabular,diabetes,OpenML,https://www.openml.org/d/37,https://openml.org/data/v1/download/37/diabetes.arff; parquet https://data.openml.org/datasets/0000/0037/dataset_37.pq; API https://www.openml.org/api/v1/json/data/37,Not reported,Binary prediction of diabetes onset,Tabular,ARFF (Parquet also provided),768 instances,"768 female patients of Pima Indian heritage, aged 21+",8 numeric attributes + class (NumberOfFeatures 9),class (tested_positive / tested_negative),500 negative / 268 positive,Pima Indian heritage population (per OpenML description),Not reported,"Originally from National Institute of Diabetes and Digestive and Kidney Diseases, via UCI",OpenML qualities: 0 missing values,Not reported,Public (OpenML licence field),open,None,"Direct download / OpenML API (openml-python, sklearn fetch_openml)",1 (uploaded 2014-04-06; status active),Smith et al. (1988) ADAP; OpenML citation link https://www.jair.org/index.php/jair/article/view/10129,md5_checksum 3cbaa3e54586aa88cf6aacb4033e4470; file_id 37,Original UCI URL https://archive.ics.uci.edu/ml/datasets/pima+indians+diabetes listed as original_data_url; UCI entry no longer listed. Assessment: zeros in glucose/BP/BMI etc. are known disguised missing values despite 0 reported missing,Original UCI page (legacy URL recorded by OpenML),access_verified,Preprocessing validated,WebFetch of OpenML JSON data API + data qualities API,2026-10-04,Not reported
CLN-003,Diabetes 130-US Hospitals for Years 1999-2008,Clinical/Tabular,diabetes,UCI Machine Learning Repository,https://archive.ics.uci.edu/dataset/296,https://archive.ics.uci.edu/static/public/296/diabetes+130-us+hospitals+for+years+1999-2008.zip,10.24432/C5230J,Prediction of early (<30 day) readmission; clustering [diabetes / readmission],Tabular,"CSV (diabetic_data.csv, IDS_mapping.csv)","101,766 instances (encounters)",Not reported,47 features,Readmission (early readmission within 30 days of discharge),Not reported,130 US hospitals and integrated delivery networks,1999-2008 (ten years),"Hospital EHR records of diabetic inpatient encounters: 1-14 day stays, lab tests performed, medications administered",Yes,Not reported,CC BY 4.0 (Creative Commons Attribution 4.0 International),open,None (no login),Direct HTTPS download of zip from UCI landing page or ucimlrepo Python package,Not reported,"Clore, J., Cios, K., DeShazo, J., & Strack, B. (2014). Diabetes 130-US Hospitals for Years 1999-2008 [Dataset]. UCI. https://doi.org/10.24432/C5230J; Strack et al. 2014, BioMed Res Int 781670",Not reported,Encounter-level (patients can repeat); US only; data 1999-2008,Not reported,access_verified,Preprocessing validated,WebFetch of UCI landing page (UCI API not used: WebFetch returned id 45 for all ids),2026-10-04,3 MB zip (diabetic_data.csv 18.3 MB)
CLN-004,CDC Diabetes Health Indicators,Clinical/Tabular,diabetes,UCI Machine Learning Repository,https://archive.ics.uci.edu/dataset/891,Not reported on landing page (UCI page links Kaggle copy),10.24432/C53919,Diabetes / prediabetes classification from lifestyle & survey indicators,Tabular,Not reported,"253,680 instances","253,680 (each instance a person)",21 features,Diabetes status: diabetes / pre-diabetes / healthy,Not reported,United States,2014 (BRFSS 2014 per linked CDC source),CDC survey data (BRFSS); age bucketed during preprocessing,No,Self-reported survey,Not reported (UCI page: 'See linked dataset for licensing information'),open,None stated on UCI; license deferred to linked dataset,Via UCI page / ucimlrepo; Kaggle link https://www.kaggle.com/datasets/alexteboul/diabetes-health-indicators-dataset,Not reported,UCI DOI 10.24432/C53919; intro paper Burrows NR et al. (2017) MMWR,Not reported,"Contains sensitive attributes (gender, income, education); license not stated on UCI; Assessment: self-reported survey labels",Kaggle: https://www.kaggle.com/datasets/alexteboul/diabetes-health-indicators-dataset; original CDC BRFSS 2014: https://www.cdc.gov/brfss/annual_data/annual_2014.html,source_verified,Source verified,WebFetch of UCI landing page (UCI API not used: WebFetch returned id 45 for all ids),2026-10-04,Not reported
CLN-005,Early Stage Diabetes Risk Prediction,Clinical/Tabular,diabetes,UCI Machine Learning Repository,https://archive.ics.uci.edu/dataset/529,https://archive.ics.uci.edu/static/public/529/early+stage+diabetes+risk+prediction+dataset.zip,10.24432/C5VG8H,Early-stage diabetes risk classification from symptoms,Tabular,Not reported,520 instances,520,16 features,class: Positive / Negative,Not reported,"Sylhet Diabetes Hospital, Sylhet, Bangladesh",Donated 7/11/2020,"Direct questionnaires from patients, approved by a doctor",Yes (per UCI),Doctor-approved,CC BY 4.0 (Creative Commons Attribution 4.0 International),open,None (no login),Direct HTTPS download of zip from UCI landing page or ucimlrepo Python package,Not reported,Early Stage Diabetes Risk Prediction [Dataset]. (2020). UCI. https://doi.org/10.24432/C5VG8H; Islam MMF et al. (2019),Not reported,Single-centre; 520 rows; questionnaire-based,Not reported,access_verified,Preprocessing validated,WebFetch of UCI landing page (UCI API not used: WebFetch returned id 45 for all ids),2026-10-04,33.9 KB
CLN-006,Chronic Kidney Disease,Clinical/Tabular,kidney,UCI Machine Learning Repository,https://archive.ics.uci.edu/dataset/336,https://archive.ics.uci.edu/static/public/336/chronic+kidney+disease.zip,10.24432/C5G020,CKD presence classification,Tabular,ARFF in zip/rar,400 instances,Not reported,"24 features + class (11 numeric, 14 nominal incl. class)",class: ckd / notckd,Not reported,Not reported,Collected over approximately 2 months; donated 7/2/2015,Hospital data,Yes,Not reported,CC BY 4.0 (Creative Commons Attribution 4.0 International),open,None (no login),Direct HTTPS download of zip from UCI landing page or ucimlrepo Python package,Not reported,"Rubini, L., Soundarapandian, P., & Eswaran, P. (2015). Chronic Kidney Disease [Dataset]. UCI. https://doi.org/10.24432/C5G020",Not reported,400 rows; ~2-month collection window; site not stated on page,Not reported,access_verified,Integrity verified,WebFetch of UCI landing page (UCI API not used: WebFetch returned id 45 for all ids),2026-10-04,19 KB zip
CLN-007,ILPD (Indian Liver Patient Dataset),Clinical/Tabular,liver,UCI Machine Learning Repository,https://archive.ics.uci.edu/dataset/225,https://archive.ics.uci.edu/static/public/225/ilpd+indian+liver+patient+dataset.zip,10.24432/C5D02C,Liver disease classification,Tabular,CSV,583 instances,"583 (441 male, 142 female)",10 features,Liver patient vs non-liver patient,416 liver patients / 167 non-liver patients,"North East of Andhra Pradesh, India",Donated 5/20/2012,Not reported,No (per UCI flag),Not reported,CC BY 4.0 (Creative Commons Attribution 4.0 International),open,None (no login),Direct HTTPS download of zip from UCI landing page or ucimlrepo Python package,Not reported,"Ramana, B. & Venkateswarlu, N. ILPD [Dataset]. UCI. https://doi.org/10.24432/C5D02C; intro paper Straw I & Wu H (2022) BMJ Health Care Inform",Not reported,583 rows; single region; sex imbalance (441 M / 142 F),Not reported,access_verified,Preprocessing validated,WebFetch of UCI landing page (UCI API not used: WebFetch returned id 45 for all ids),2026-10-04,23.4 KB
CLN-008,Hepatitis C Virus (HCV) data,Clinical/Tabular,liver,UCI Machine Learning Repository,https://archive.ics.uci.edu/dataset/571,https://archive.ics.uci.edu/static/public/571/hcv+data.zip,10.24432/C5D612,HCV disease stage classification; clustering,Tabular,CSV,615 instances,Not reported,12 features,"Category: Blood Donor, Suspect Blood Donor, Hepatitis, Fibrosis, Cirrhosis",Not reported,Germany (Medical University Hannover),Donated 6/9/2020,Laboratory values of blood donors and Hepatitis C patients plus demographics,Yes,Not reported,CC BY 4.0 (Creative Commons Attribution 4.0 International),open,None (no login),Direct HTTPS download of zip from UCI landing page or ucimlrepo Python package,Not reported,"Lichtinghagen R, Klawonn F, Hoffmann G. HCV data [Dataset]. UCI. https://doi.org/10.24432/C5D612; Hoffmann et al. (2018) J Lab Precis Med",Not reported,615 rows; single institution,Not reported,access_verified,Preprocessing validated,WebFetch of UCI landing page (UCI API not used: WebFetch returned id 45 for all ids),2026-10-04,45.2 KB
CLN-009,Breast Cancer Wisconsin (Diagnostic),Clinical/Tabular,cancer,UCI Machine Learning Repository,https://archive.ics.uci.edu/dataset/17,https://archive.ics.uci.edu/static/public/17/breast+cancer+wisconsin+diagnostic.zip,10.24432/C5DW2B,Benign vs malignant breast mass classification,Tabular,"wdbc.data (CSV), wdbc.names",569 instances,Not reported,30 real-valued features (10 nuclear characteristics x mean/SE/worst),"Diagnosis (M = malignant, B = benign)",Not reported on landing page,"Wisconsin, USA (per dataset name)",Donated 10/31/1995,Features computed from digitized images of fine needle aspirate (FNA) of breast mass,No,Diagnosis label,CC BY 4.0 (Creative Commons Attribution 4.0 International),open,None (no login),Direct HTTPS download of zip from UCI landing page or ucimlrepo Python package,Not reported,"Wolberg, W., Mangasarian, O., Street, N., & Street, W. (1993). Breast Cancer Wisconsin (Diagnostic) [Dataset]. UCI. https://doi.org/10.24432/C5DW2B",Not reported,"569 rows; derived image features, not raw images",scikit-learn load_breast_cancer (Assessment: commonly bundled; not verified this session),access_verified,Preprocessing validated,WebFetch of UCI landing page (UCI API not used: WebFetch returned id 45 for all ids),2026-10-04,50.1 KB zip
CLN-010,Heart Failure Clinical Records,Clinical/Tabular,cardiovascular,UCI Machine Learning Repository,https://archive.ics.uci.edu/dataset/519,https://archive.ics.uci.edu/static/public/519/heart+failure+clinical+records.zip,10.24432/C5Z89R,Mortality prediction in heart failure; regression; clustering,Tabular,CSV,299 instances,299 heart failure patients,12 features (13 clinical variables incl. DEATH_EVENT),DEATH_EVENT: patient died during follow-up period (boolean),Not reported,Not reported on UCI page (see Chicco & Jurman 2020),Follow-up period variable 'time' (days); period not stated on UCI page,Medical records collected during follow-up,No,Not reported,CC BY 4.0 (Creative Commons Attribution 4.0 International),open,None (no login),Direct HTTPS download of zip from UCI landing page or ucimlrepo Python package,Not reported,Heart Failure Clinical Records [Dataset]. (2020). UCI. https://doi.org/10.24432/C5Z89R; Chicco D & Jurman G (2020) BMC Med Inform Decis Mak 20:16,Not reported,299 rows,Not reported,access_verified,Preprocessing validated,WebFetch of UCI landing page (UCI API not used: WebFetch returned id 45 for all ids),2026-10-04,12.1 KB
CLN-011,Cervical Cancer (Risk Factors),Clinical/Tabular,cancer,UCI Machine Learning Repository,https://archive.ics.uci.edu/dataset/383,https://archive.ics.uci.edu/static/public/383/cervical+cancer+risk+factors.zip,10.24432/C5Z310,Cervical cancer screening outcome classification,Tabular,CSV,858 instances,858 patients,36 features,"Four diagnostic targets: Hinselmann, Schiller, Cytology, Biopsy",Not reported,"Hospital Universitario de Caracas, Caracas, Venezuela",Donated 3/2/2017,"Demographic information, habits, historic medical records",Yes - several patients declined to answer some questions for privacy concerns,Not reported,CC BY 4.0 (Creative Commons Attribution 4.0 International),open,None (no login),Direct HTTPS download of zip from UCI landing page or ucimlrepo Python package,Not reported,"Fernandes K, Cardoso JS, Fernandes J (2017) Transfer Learning with Partial Observability Applied to Cervical Cancer Screening, IbPRIA; UCI DOI 10.24432/C5Z310",Not reported,Single-centre; privacy-driven missingness,Not reported,access_verified,Preprocessing validated,WebFetch of UCI landing page (UCI API not used: WebFetch returned id 45 for all ids),2026-10-04,99.8 KB
CLN-012,MIMIC-IV v3.1,Clinical/Tabular,icu,PhysioNet,https://physionet.org/content/mimiciv/3.1/,https://physionet.org/content/mimiciv/3.1/ (files after credentialed login),10.13026/kpb9-mt58 (v3.1); latest 10.13026/07hj-2a80,"EHR / ICU research: outcomes, prediction, phenotyping [icu/ehr]","Relational EHR tables (hosp, icu modules)",Comma-delimited (CSV) files,"546,028 hospitalizations; 94,458 ICU stays (v3.0 statistics, v3.1 bug-fix release)","364,627 unique patients",Not reported (multi-table relational),None (multi-purpose),Not applicable,"Beth Israel Deaconess Medical Center, Boston, MA, USA",2008-2022,De-identified EHR + ICU clinical information system data,Not reported,"ICD codes, DRG codes etc. within EHR",PhysioNet Credentialed Health Data License 1.5.0,credentialed,PhysioNet credentialed user; CITI 'Data or Specimens Only Research' training; signed DUA,PhysioNet download after credentialing (Assessment: also cloud options; not verified),"3.1 (published October 11, 2024)","Johnson, A., Bulgarelli, L., Pollard, T., Gow, B., Moody, B., Horng, S., Celi, L. A., & Mark, R. (2024). MIMIC-IV (version 3.1). PhysioNet. https://doi.org/10.13026/kpb9-mt58",Not reported on public page (file listing restricted),Single-centre; v3.1 modified 8 tables vs v3.0 (bug fixes),Not reported,access_verified,Access verified,WebFetch of PhysioNet project page,2026-10-04,Not reported
CLN-013,MIMIC-IV Clinical Database Demo,Clinical/Tabular,icu,PhysioNet,https://physionet.org/content/mimic-iv-demo/2.2/,https://physionet.org/files/mimic-iv-demo/2.2/ (wget -r -N -c -np),10.13026/dp1f-ex47,"Teaching, workshops, prototyping before MIMIC-IV access [icu/ehr (open)]",Relational EHR tables,CSV (RFC 4180); also on Google BigQuery,Not reported,100 patients,Not reported (multi-table),None,Not applicable,"Beth Israel Deaconess Medical Center, Boston, MA, USA (subset of MIMIC-IV)",Not reported,Subset of MIMIC-IV; excludes free-text notes,Not reported,Not reported,Open Data Commons Open Database License v1.0 (ODbL),open,None; conform to license,ZIP or wget from PhysioNet; BigQuery,"2.2 (published January 31, 2023)","Johnson, A., Bulgarelli, L., Pollard, T., Horng, S., Celi, L. A., & Mark, R. (2023). MIMIC-IV Clinical Database Demo (version 2.2). PhysioNet. https://doi.org/10.13026/dp1f-ex47",SHA256SUMS.txt provided,Only 100 patients; no free-text notes,Google BigQuery,access_verified,Parsed,WebFetch of PhysioNet project page,2026-10-04,15.5 MB uncompressed (15.4 MB ZIP)
CLN-014,eICU Collaborative Research Database,Clinical/Tabular,icu,PhysioNet,https://physionet.org/content/eicu-crd/2.0/,https://physionet.org/content/eicu-crd/2.0/ (files after credentialed login),10.13026/C2WM1R,Multi-centre ICU outcomes and prediction research,Relational ICU tables,"Relational database, multiple tables (format not stated on page)","Over 200,000 patient unit encounters","Over 139,000 unique patients",Not reported (multi-table),None,Not applicable,United States; 335 units across 208 hospitals,2014-2015,"Philips eICU telehealth program data; de-identified to HIPAA safe harbor, certified by Privacert",Not reported,APACHE severity etc.,PhysioNet Credentialed Health Data License 1.5.0,credentialed,Credentialed PhysioNet user; CITI Data or Specimens Only Research training; signed DUA,PhysioNet download after credentialing,"2.0 (published April 15, 2019)","Pollard, T., Johnson, A., Raffa, J., Celi, L. A., Badawi, O., & Mark, R. (2019). eICU Collaborative Research Database (version 2.0). PhysioNet. https://doi.org/10.13026/C2WM1R; Pollard et al. Sci Data 2018",Not reported on public page,2014-2015 only; US only,Docs: https://eicu-crd.mit.edu/; code: https://github.com/mit-lcp/eicu-code,access_verified,Access verified,WebFetch of PhysioNet project page,2026-10-04,Not reported
CLN-015,Synthea synthetic patient data (SyntheticMass),Clinical/Tabular,ehr,Synthea / The MITRE Corporation,https://synthetichealth.github.io/synthea/,Not verified (synthea.mitre.org/downloads fetch failed); generator: https://github.com/synthetichealth/synthea,Not reported,"Synthetic EHR for development, testing, interoperability [ehr (synthetic)]",Synthetic EHR records,"HL7 FHIR (R4, STU3, DSTU2), Bulk FHIR ndjson, C-CDA, CSV, CPCDS",'over a thousand sample patients' downloadable,Generator: user-configurable,Not applicable,None,Not applicable,Assessment: SyntheticMass models Massachusetts (not confirmed on fetched page),Not reported,Simulation (synthetic; no real patients),Not reported,Not reported,"Apache-2.0 (generator code, GitHub); sample data license not reported",open,None,Download sample patients from website or run generator,Not reported,Not reported,Not reported,Synthetic data; not real patients,Not reported,source_verified,Source verified,WebFetch of synthetichealth.github.io/synthea + GitHub repo; synthea.mitre.org/downloads failed (SSL/robots),2026-10-04,Not reported
CLN-016,SEER Research Data,Clinical/Tabular,cancer,"NCI Surveillance, Epidemiology, and End Results (SEER)",https://seer.cancer.gov/data/,https://seer.cancer.gov/data/ (request via SEER*Stat account),Not reported,Cancer incidence and survival epidemiology [cancer survival],Registry tabular data,Accessed via SEER*Stat (see Comparison of Data Products page),Not reported,Not reported,Not reported,None (multi-purpose; vital status follow-up available),Not applicable,Approx. 45.9% of U.S. population (population-based registries),1975-2023,"Population-based cancer registries: demographics, primary site, morphology, stage, first course of treatment, vital status",Not reported,Not reported,Not reported (data use agreement terms on registration),registration,"Research Data: valid email, registration, agree to terms, SEER*Stat account. Research Plus: eRA Commons/HHS account, supervisor/mentor",SEER*Stat software after registration,Latest release covering 1975-2023,See SEER 'Suggested Citations' page,Not reported,Research Data excludes some geography and diagnosis-timing detail,Not reported,access_verified,Access verified,WebFetch of seer.cancer.gov/data/,2026-10-04,Not reported
CLN-017,"Diabetes (Efron et al. 2004, LARS)",Clinical/Tabular,diabetes,scikit-learn (bundled); source NCSU,https://www4.stat.ncsu.edu/~boos/var.select/diabetes.html,sklearn.datasets.load_diabetes (https://scikit-learn.org/stable/datasets/toy_dataset.html),Not reported,Regression of disease progression [diabetes regression],Tabular,Bundled with scikit-learn,442 instances,442 diabetes patients,"10 baseline variables (age, sex, bmi, bp, s1-s6)",Quantitative measure of disease progression one year after baseline,Not applicable (regression),Not reported,Not reported,Not reported,Not reported,Not reported,Not reported,open,None,scikit-learn load_diabetes(),Not reported,"Efron B, Hastie T, Johnstone I, Tibshirani R (2004) Least Angle Regression, Annals of Statistics, 407-499",Not reported,sklearn features mean-centred and scaled by std*sqrt(n_samples); 442 rows,scikit-learn bundled copy,source_verified,Source verified,WebFetch of scikit-learn toy dataset docs; NCSU canonical page fetch failed (robots.txt disallowed),2026-10-04,Not reported
CLN-018,METABRIC breast cancer (cBioPortal brca_metabric),Clinical/Tabular,cancer,cBioPortal,https://www.cbioportal.org/study/summary?id=brca_metabric,https://www.cbioportal.org/api/studies/brca_metabric,Not reported,"Breast cancer genomics, clinical outcome/survival [cancer survival]","Clinical tabular + genomic (targeted seq, CNA, mRNA microarray)",Not reported,2509 samples (2433 sequenced; 2173 CNA; 1980 mRNA microarray; 1866 complete),Not reported,Not reported,None (multi-purpose),Not reported,Not reported,Not reported,Targeted sequencing of 2509 primary breast tumors with 548 matched normals,Not reported,Not reported,Not reported,open,None (publicStudy: true),cBioPortal web/API,Import date 2026-01-05; reference genome hg19,"Pereira et al. Nat Commun 2016; Rueda et al. Nature 2019; Curtis et al. Nature 2012 (PMIDs 27161491, 30867590, 22522925)",Not reported,License not stated in API,Not reported,source_verified,Source verified,WebFetch of cBioPortal studies API (summary page is JS-rendered),2026-10-04,Not reported
CLN-019,Stroke Prediction Dataset,Clinical/Tabular,cardiovascular,Kaggle,https://www.kaggle.com/datasets/fedesoriano/stroke-prediction-dataset,https://www.kaggle.com/api/v1/datasets/view/fedesoriano/stroke-prediction-dataset,Not reported,Stroke event binary prediction,Tabular,Not reported,Not reported,Not reported,11 clinical features,Stroke event,Not reported,Not reported,Not reported,'Confidential source'; restricted to educational purposes,Not reported,Not reported,Data files © Original Authors,registration,Assessment: Kaggle account for download,Kaggle web/API,"1 (last updated January 26, 2021)",Creator requests citation if used (fedesoriano),Not reported,Provenance unknown: source stated as confidential; educational use only; Assessment: unsuitable for clinical claims,Not reported,source_verified,Source verified,WebFetch of Kaggle dataset API JSON (landing page JS-rendered),2026-10-04,"316,971 bytes"
CLN-020,"Framingham Heart Study-Cohort (FHS-Cohort), BioLINCC",Clinical/Tabular,cardiovascular,NHLBI BioLINCC,https://biolincc.nhlbi.nih.gov/studies/framcohort/,Request via BioLINCC,Not reported,CVD risk factor epidemiology [cardiovascular (controlled)],Longitudinal cohort tabular,Not reported,Not reported,"5,209 enrolled at baseline (1948-1952)",Not reported,None (multi-purpose; event follow-up),Not applicable,"Framingham, Massachusetts, USA",1948-present (data through 2018); 32 clinical exams,"Longitudinal cohort exams, ancillary data, event follow-up",Not reported,Not reported,Not reported,controlled,Full or expedited IRB/Ethics Committee approval (waivers/exemptions insufficient); BioLINCC request and agreement; commercial use restrictions by consent,BioLINCC data request,Not reported,Not reported,Accession HLB00050025a,Restricted; single community,Study website framinghamheartstudy.org,access_verified,Access verified,WebFetch of BioLINCC study page,2026-10-04,Not reported
CLN-021,Framingham Heart Study teaching dataset (BioLINCC),Clinical/Tabular,cardiovascular,NHLBI BioLINCC,https://www.biolincc.nhlbi.nih.gov/teaching/,https://biolincc.nhlbi.nih.gov/requests/teaching-dataset-request/,Not reported,Teaching epidemiology/longitudinal analysis [cardiovascular (teaching)],Longitudinal tabular,Not reported,Not reported,Large subset of original Framingham cohort (count not stated),Not reported,None,Not reported,"Framingham, Massachusetts, USA",Three clinic examinations and 20-year follow-up,Anonymised derivative of FHS cohort data,Not reported,Not reported,Not reported,registration,Free upon request via BioLINCC teaching dataset request form,Request form,Documentation 2021a,Not reported,Not reported,Explicitly unsuitable for publication (statistically anonymised),Not reported,access_verified,Access verified,WebFetch of BioLINCC teaching datasets page,2026-10-04,Not reported
NLP-001,PubMed annual baseline (MEDLINE/PubMed XML),Medical Text and Healthcare NLP,biomedical_literature,NLM / NCBI FTP,https://pubmed.ncbi.nlm.nih.gov/download/,https://ftp.ncbi.nlm.nih.gov/pubmed/baseline/ ; daily updates https://ftp.ncbi.nlm.nih.gov/pubmed/updatefiles/ ; E-utilities API,Not reported,"Biomedical literature mining, LM pretraining, IR, MeSH indexing",Text (citations/abstracts) + metadata,XML,Not reported (baseline is 'a complete snapshot of PubMed data'),Not reported,Not reported,Not reported,Not reported,Not reported,Annual snapshot released at end of each year; daily update files,NLM-produced citation records; language: predominantly English (Assessment: not stated on page),Not reported,MeSH indexing in MEDLINE records (Assessment: not described on fetched page),Terms and Conditions in README.txt bundled with baseline/update files; downloading indicates acceptance,open,None stated; acceptance of NLM Terms and Conditions (README.txt) by downloading,FTP/HTTPS bulk download; E-utilities API,Annual baseline (year-specific; current file names not verified),Not reported,Not verified (FTP directory listing blocked by robots.txt),Load baseline then daily updates in numerical order; revised/deleted citations must replace local copies,Not reported,access_verified,Access verified,WebFetch of pubmed.ncbi.nlm.nih.gov/download (old nlm.nih.gov page says no longer maintained); FTP listing fetch blocked by robots.txt,2026-10-04,Not reported
NLP-002,PMC Open Access Subset,Medical Text and Healthcare NLP,biomedical_literature,NCBI PubMed Central,https://pmc.ncbi.nlm.nih.gov/tools/openftlist/,"s3://pmc-oa-opendata (https://pmc-oa-opendata.s3.amazonaws.com/, us-east-1); OAI-PMH, E-Utilities, BioC API",Not reported,"Full-text biomedical text mining, LM pretraining",Full-text articles,"XML, plain text, PDF (per PMC AWS page); JSON metadata per article",Not reported,Not reported,Not reported,Not reported,Not reported,Not reported,Not reported,Journal articles and preprints under Creative Commons or similar licenses,Not reported,Not reported,Varies per article ('license terms vary'); license type recorded in per-article JSON metadata,open,"No login; AWS CLI --no-sign-request. Bulk retrieval only via Cloud, OAI-PMH, E-Utilities or BioC API; other automated bulk retrieval prohibited; users responsible for copyright compliance","AWS S3 (AWS Open Data Sponsorship), OAI-PMH, E-Utilities, BioC API",Continuously updated; S3 Inventory generated daily,Not reported,Daily S3 Inventory; per-file timestamps/ETags,Legacy oa_comm/oa_noncomm split and baseline/incremental bulk packages discontinued as of August 2026 (per PMC AWS page); mixed licenses incl. non-commercial,Not reported,access_verified,Access verified,WebFetch of pmc.ncbi.nlm.nih.gov/tools/openftlist and /tools/pmcaws,2026-10-04,Not reported
NLP-003,MIMIC-IV-Note: Deidentified free-text clinical notes,Medical Text and Healthcare NLP,clinical_text,PhysioNet,https://physionet.org/content/mimic-iv-note/,https://physionet.org/content/mimic-iv-note/2.2/,10.13026/1n74-ne17,"Clinical NLP, summarization, information extraction, LLM evaluation","Clinical free text (discharge summaries, radiology reports)",CSV,"331,794 discharge summaries; 2,321,355 radiology reports","145,915 patients (discharge); 237,427 patients (radiology)",Not reported,Not reported,Not reported,"Beth Israel Deaconess Medical Center, Boston, MA, USA",Not reported,"EHR notes from BIDMC; English; de-identified per HIPAA Safe Harbor, PHI replaced with '___'",Not reported,None (raw de-identified notes),PhysioNet Credentialed Health Data License 1.5.0,credentialed,PhysioNet credentialed user; CITI Data or Specimens Only Research training; signed DUA,PhysioNet authenticated download,2.2 (2023-01-06),"Johnson A, Pollard T, Horng S, Celi LA, Mark R. MIMIC-IV-Note (2023). PhysioNet. https://doi.org/10.13026/1n74-ne17",Not reported,Single-centre (BIDMC); PHI masked,Not reported,access_verified,Access verified,WebFetch of PhysioNet landing page,2026-10-04,Not reported
NLP-004,MedQA (USMLE),Medical Text and Healthcare NLP,medical_qa,GitHub (jind11/MedQA),https://github.com/jind11/MedQA,https://drive.google.com/file/d/1ImYUSLk9JbgHXOemfvyiDiirluZHPeQw/view?usp=sharing,Not reported,"Open-domain medical exam QA, LLM benchmarking",Text (multiple-choice QA + textbook corpus),Not reported,Not reported on repo page,Not reported,Not reported,Not reported,Not reported,"US (English), Mainland China (Simplified Chinese), Taiwan (Traditional Chinese) exams",Not reported,"Questions from medical licensing exams; languages English, Simplified Chinese, Traditional Chinese; textbook corpus in English and Simplified Chinese",Not reported,"Exam answer keys; standard and 4_options versions (US, Mainland China)",MIT License (repository),open,None stated,Google Drive folder link,Not reported,"Jin D, et al. What Disease does this Patient Have? A Large-scale Open Domain Question Answering Dataset from Medical Exams. arXiv:2009.13081 (2020)",Not reported,Not reported,Not reported,access_verified,Access verified,WebFetch of GitHub README,2026-10-04,Not reported
NLP-005,PubMedQA,Medical Text and Healthcare NLP,medical_qa,GitHub / Hugging Face,https://pubmedqa.github.io/,https://github.com/pubmedqa/pubmedqa ; https://huggingface.co/datasets/qiaojin/PubMedQA,Not reported,Biomedical research QA (yes/no/maybe) over abstracts,Text (question + PubMed abstract context),JSON (GitHub); Parquet (HF),"PQA-L 1,000; PQA-U 61,200; PQA-A 211,300 (HF total 273,518 rows)",Not reported,Not reported,final_decision (yes/no/maybe) + long_answer,Not reported,Not reported,Not reported,Questions derived from PubMed article titles/abstracts; English,Not reported,PQA-L expert-labelled; PQA-A artificially generated; PQA-U unlabelled,MIT (GitHub repo and HF card),open,None,"GitHub data/ dir (PQA-L); Google Drive (PQA-U, PQA-A); HF datasets",Not reported,"Jin Q, Dhingra B, Liu Z, Cohen W, Lu X. PubMedQA: A Dataset for Biomedical Research Question Answering. EMNLP-IJCNLP 2019, pp. 2567-2577",Not reported,"HF card marks curation, bias and limitations sections '[More Information Needed]'",Hugging Face: https://huggingface.co/datasets/qiaojin/PubMedQA,access_verified,Parsed,"WebFetch of pubmedqa.github.io, GitHub README, HF API JSON + dataset card",2026-10-04,Not reported
NLP-006,MedMCQA,Medical Text and Healthcare NLP,medical_qa,GitHub / Hugging Face,https://medmcqa.github.io/,https://huggingface.co/datasets/openlifescienceai/medmcqa ; https://drive.google.com/uc?export=download&id=15VkJdq5eyWIkfb_aoD3oS8i4tScbHYky,Not reported,Medical entrance-exam MCQ answering,Text (MCQ with explanations),JSON (GitHub); Parquet (HF),"194,000+ MCQs; HF: train 182,822 / validation 4,183 / test 6,150",Not reported,"Fields: question, opa-opd, cop, exp, subject_name, topic_name, choice_type","cop (correct option, 4 classes)",Not reported,India (AIIMS & NEET PG exams),Not reported,"Questions from AIIMS and NEET PG entrance exams; English; 21 subjects, 2.4k topics",Not reported,Exam answers plus expert explanations,Apache-2.0 (HF card); MIT (GitHub repo),open,None,HF datasets / Google Drive,Not reported,"Pal A, Umapathi LK, Sankarasubbu M. MedMCQA. Proc. CHIL 2022, PMLR 174:248-260",Not reported,"Test ground truth not released publicly (GitHub); GitHub lists validation 6,150 / test 4,183 vs HF validation 4,183 / test 6,150; licence differs between HF and GitHub",Hugging Face: openlifescienceai/medmcqa,access_verified,Access verified,"WebFetch of medmcqa.github.io, GitHub README, HF API JSON + card",2026-10-04,"88,311,487 bytes download (HF parquet)"
NLP-007,BioASQ,Medical Text and Healthcare NLP,medical_qa,BioASQ Participants Area,https://bioasq.org/,http://participants-area.bioasq.org/ (Datasets page),Not reported,"Biomedical semantic indexing, QA, summarization, IE challenges","Text (questions, PubMed abstracts/snippets, answers)",Not reported,Not reported,Not reported,Not reported,Not reported,Not reported,Not reported,Annual challenges; 2026 is the fourteenth,"Expert-written English biomedical questions (Task B); 2026 tasks incl. Synergy, MultiClinSum-2 (EN/ES/FR/PT), BioNNE-R (RU/EN), ElCardioCC (Greek), GutBrainIE",Not reported,"Relevant articles, snippets, exact and ideal answers by experts",Not reported,registration,Register/login at BioASQ Participants Area,Participants Area datasets page,All versions for all tasks available in Participants Area,Not reported (site points to public documents incl. 2025 overview and BioASQ-QA corpus papers),Not reported,Not reported,Not reported,access_verified,Access verified,"WebFetch of bioasq.org, /participate, /participate/data",2026-10-04,Not reported
NLP-008,n2c2 (formerly i2b2) NLP Research Data Sets,Medical Text and Healthcare NLP,clinical_text,Harvard DBMI Data Portal,https://n2c2.dbmi.hms.harvard.edu/data-sets,https://portal.dbmi.hms.harvard.edu/projects/n2c2-nlp/,Not reported,"Clinical NLP shared tasks: de-id, smoking, obesity, medication, relations, coreference, temporal, heart disease risk, ADE, STS, family history, normalization",Clinical free-text notes,Not reported,Not reported,Not reported,Not reported,Not reported,Not reported,"US (Partners HealthCare, UPMC, Mayo Clinic)",Challenges 2006-2019,Fully deidentified clinical notes from partner institutions; English (Assessment: language not stated),Not reported,Task-specific shared-task annotations,n2c2 Data Use Agreement,controlled,Individual registration on DBMI Data Portal and DUA; no sharing or public posting,DBMI Data Portal,Not reported,Per-dataset challenge papers listed on data-sets page,Not reported,Each user must access independently; redistribution prohibited,Not reported,access_verified,Access verified,WebFetch of n2c2.dbmi.hms.harvard.edu/data-sets and DBMI portal project page,2026-10-04,Not reported
NLP-009,UMLS Metathesaurus,Medical Text and Healthcare NLP,terminology,NLM UMLS,https://www.nlm.nih.gov/research/umls/index.html,https://www.nlm.nih.gov/research/umls/licensedcontent/umlsknowledgesources.html ; UTS REST API https://documentation.uts.nlm.nih.gov/rest/home.html,Not reported,"Concept normalization, entity linking, terminology mapping",Terminology / knowledge source,RRF in ZIP,Not reported,Not reported,Not reported,Not reported,Not reported,Not reported,Not reported,"Integrates many vocabularies incl. CPT, ICD-10-CM, LOINC, MeSH, RxNorm, SNOMED CT",Not reported,Not reported,"UMLS Metathesaurus License (individual, no charge); some sources need additional agreements",registration,UTS account + individual UMLS license (not issued to groups/organizations),UTS authenticated download; MetamorphoSys subsetting,2026AA (2026-05-04),Not reported,MD5 Full Subset 3f3363b4627ff16c7af39b5c4a451c1d; Level 0 7c37d94ed322c244edc060384cd16027; MRCONSO.RRF 974beae09581ca990c764a511cce6563,Needs ~40 GB disk; MetamorphoSys 2-10 h; source-vocabulary restrictions apply,Not reported,access_verified,Access verified,WebFetch of UMLS home + Knowledge Sources download page,2026-10-04,5.3 GB compressed / 40.1 GB uncompressed (full release)
NLP-010,Medical Subject Headings (MeSH),Medical Text and Healthcare NLP,terminology,NLM,https://www.nlm.nih.gov/mesh/meshhome.html,https://nlmpubs.nlm.nih.gov/projects/mesh/MESH_FILES/xmlmesh/ ; RDF https://nlmpubs.nlm.nih.gov/projects/mesh/rdf/ ; SPARQL id.nlm.nih.gov/mesh,Not reported,"Indexing vocabulary, entity normalization",Controlled hierarchical vocabulary,"XML, MARC 21, RDF (ASCII discontinued Jan 2026)",Not reported,Not reported,Not reported,Not reported,Not reported,Not reported,Not reported,Not reported,Not reported,Not reported,NLM Terms and Conditions (https://www.nlm.nih.gov/databases/download/terms_and_conditions.html),open,None stated,HTTPS bulk files; MeSH Browser; RDF API/SPARQL,2026 production; 2027 preview,Not reported,Not reported,Descriptors/qualifiers updated annually; SCRs daily,Not reported,access_verified,Access verified,WebFetch of MeSH home + MeSH download page,2026-10-04,Not reported
NLP-011,NCBI Disease Corpus,Medical Text and Healthcare NLP,biomedical_ner,NCBI CBB research,https://www.ncbi.nlm.nih.gov/CBBresearch/Dogan/DISEASE/,https://www.ncbi.nlm.nih.gov/CBBresearch/Dogan/DISEASE/,Not reported,Disease NER and normalization,Text (PubMed abstracts),Not reported,"793 PubMed abstracts; 6,892 disease mentions; 790 unique concepts",Not reported,Not reported,Disease mentions normalized to MeSH/OMIM,Not reported,Not reported,Not reported,Not reported,Not reported,"14 annotators in pairs, three phases, corpus-wide consistency checks",Public domain notice,open,None,"Direct download (train/dev/test, mention-level and full sets)",Not reported,"Dogan RI, Leaman R, Lu Z. NCBI disease corpus (J Biomed Inform 2014) (Assessment: journal not on fetched page)",Not reported,Not reported,Hugging Face bigbio collection (Assessment: not verified this session),access_verified,Access verified,WebFetch of NCBI landing page,2026-10-04,Not reported
NLP-012,BioCreative V CDR corpus (BC5CDR),Medical Text and Healthcare NLP,biomedical_ner,BioCreative,https://biocreative.bioinformatics.udel.edu/tasks/biocreative-v/track-3-cdr/,https://huggingface.co/datasets/bigbio/bc5cdr (CDR_Data.zip mirror),10.1093/database/baw068,"Chemical/disease NER, normalization, chemical-induced disease relation extraction",Text (PubMed articles),Not reported,"1,500 PubMed articles",Not reported,Not reported,Chemical & disease mentions with concept IDs; CID relations,Not reported,Not reported,Not reported,Not reported,Not reported,Human mention- and concept-level annotations plus CDR relations,Public Domain Mark 1.0 (HF bigbio card); not stated on BioCreative page,open,None stated ('freely available for the research community'),HF mirror zip; BioCreative resources page (403 on fetch),Not reported,"Li J, Sun Y, Johnson RJ, et al. BioCreative V CDR task corpus. Database 2016; doi:10.1093/database/baw068",Not reported,Not reported,Hugging Face: bigbio/bc5cdr,source_verified,Source verified,WebFetch of BioCreative track page + HF API/card; BioCreative corpus page 403; PMC paper blocked by captcha,2026-10-04,20.8 MB (HF)
NLP-013,MedNLI,Medical Text and Healthcare NLP,clinical_text,PhysioNet,https://physionet.org/content/mednli/,https://physionet.org/content/mednli/1.0.0/,10.13026/C2RS98,Clinical natural language inference,Clinical sentence pairs,JSONL (SNLI/MultiNLI format),Not reported on fetched page,Not reported,Not reported,gold_label (NLI),Not reported,Not reported,Not reported,Past Medical History sections of MIMIC-III v1.4 notes (deceased patients); de-identified; English,Not reported,Premise-hypothesis pairs with gold labels and parses,PhysioNet Credentialed Health Data License 1.5.0,credentialed,Credentialed PhysioNet user; CITI training; PhysioNet Credentialed Health Data Use Agreement 1.5.0,PhysioNet authenticated download,1.0.0 (2019-10-01),Shivade C. MedNLI (v1.0.0). PhysioNet 2019. https://doi.org/10.13026/C2RS98,Not reported,Single-centre source (MIMIC-III),Not reported,access_verified,Access verified,WebFetch of PhysioNet landing page,2026-10-04,Not reported
NLP-014,SNOMED CT (US Edition / International),Medical Text and Healthcare NLP,terminology,SNOMED International / NLM,https://www.nlm.nih.gov/healthit/snomedct/index.html,https://www.nlm.nih.gov/healthit/snomedct/us_edition.html (via UTS); MLDS for non-US,Not reported,"Clinical terminology, coding, normalization",Terminology,Not reported,Not reported,Not reported,Not reported,Not reported,Not reported,Not reported,Not reported,Not reported,Not reported,Not reported,SNOMED CT Affiliate License,registration,US: UMLS license/UTS account; free in Member countries; non-Member territories license via MLDS with possible fees,UTS (US Edition); MLDS,"US Edition 20260901; US bi-annual (Mar/Sep), International Edition monthly",Not reported,US release MD5 fe0e22a986f478fff493650e0108dc24,Licensing fees may apply in non-Member territories,Not reported,access_verified,Access verified,WebFetch of NLM SNOMED CT pages + snomed.org/get-snomed,2026-10-04,Not reported
NLP-015,LOINC,Medical Text and Healthcare NLP,terminology,Regenstrief Institute,https://loinc.org/downloads/,https://loinc.org/downloads/ (Loinc_2.83.zip),Not reported,Lab/clinical observation coding,Terminology table,Not reported,Not reported,Not reported,Not reported,Not reported,Not reported,Not reported,Not reported,Not reported,Not reported,Not reported,LOINC License,registration,LOINC username/password login,Authenticated web download,"2.83 (2026-08-19); releases Feb and Aug, monthly planned from 2027",Not reported,Not reported,Not reported,Not reported,access_verified,Access verified,WebFetch of loinc.org/downloads,2026-10-04,88.52 MB (Loinc_2.83.zip)
NLP-016,emrQA,Medical Text and Healthcare NLP,medical_qa,GitHub (panushri25/emrQA),https://github.com/panushri25/emrQA,https://portal.dbmi.hms.harvard.edu/projects/n2c2-nlp/ (Community Annotations Downloads),Not reported,Clinical QA over EHR notes,Clinical text QA,"JSON, CSV","1,957,835 QA pairs; 1,225,369 question-logical form pairs; 2,425 clinical notes",Not reported,Not reported,Not reported,Not reported,Not reported,Not reported,"Semi-automatic generation from i2b2 2006 smoking, 2008 obesity, 2009 medications, 2010 relations, 2014 heart disease annotations",Not reported,Template-generated QA from existing i2b2 annotations,n2c2 DUA,controlled,Sign n2c2 data use agreement via DBMI portal,DBMI portal + generation scripts,Not reported,"Pampari A, et al. emrQA: A Large Corpus for Question Answering on Electronic Medical Records. EMNLP 2018",Not reported,Assessment: templated questions; depends on n2c2 access,Not reported,access_verified,Access verified,WebFetch of GitHub README,2026-10-04,Not reported
NLP-017,MTSamples transcribed medical reports,Medical Text and Healthcare NLP,clinical_text,mtsamples.com,https://mtsamples.com/,Not reported (browse by specialty),Not reported,"Clinical text classification, specialty prediction",Transcribed medical reports,Not reported,5043 medical transcription samples,Not reported,40 specialties,Not reported,Not reported,Not reported,Not reported,User-contributed sample reports; English; 'all names and dates have been changed (or removed)',Not reported,Not reported,"Not reported; may print, share or link for educational purposes with attribution to MTSamples.com",open,None; attribution requested,Web browsing,Not reported,Not reported,Not reported,Not guaranteed complete or error free; accuracy not certified; not authentic patient records,Assessment: Kaggle scrapes exist (not verified),source_verified,Source verified,WebFetch of mtsamples.com home,2026-10-04,Not reported
NLP-018,CORD-19,Medical Text and Healthcare NLP,biomedical_literature,Allen Institute for AI (Semantic Scholar),https://github.com/allenai/cord19,Historical releases in AI2 S3 bucket (linked from repo),Not reported,COVID-19 literature mining,Text (full-text papers + metadata + embeddings),"metadata.csv, document_parses JSON (tar.gz), SPECTER embeddings","Over 1 million papers; nearly 370,000 with full text",Not reported,Not reported,Not reported,Not reported,Not reported,Releases from 2020 to final release 2022-06-02,Not reported,Not reported,Not reported,"Varies by paper (CC0, CC-BY, Gold OA, Green OA, others)",open,None,S3 release archives,Final release 2022-06-02,"Wang LL, et al. CORD-19: The COVID-19 Open Research Dataset. NLP-COVID workshop, ACL 2020",Not reported,No longer updated; mixed per-paper licenses,Assessment: Kaggle (not verified),access_verified,Access verified,WebFetch of GitHub README,2026-10-04,~18.7 GB (final release)
IMG-001,BraTS 2021 (RSNA-ASNR-MICCAI Brain Tumor Segmentation),Medical Imaging,brain_mri,Synapse (Task 1) / Kaggle (Task 2); challenge site at UPenn CBICA,https://www.med.upenn.edu/cbica/brats2021/,https://www.synapse.org/Synapse:syn25829067,10.48550/arXiv.2107.02314 (challenge paper),Glioma sub-region segmentation (Task 1); MGMT promoter methylation classification (Task 2),"Multi-parametric MRI: T1, T1Gd, T2, T2-FLAIR",NIfTI (.nii.gz) for Task 1; DICOM (.dcm) for Task 2,"2,000 cases / 8,000 mpMRI scans (CBICA page); paper abstract states 2,040 patients","2,040 patients (arXiv abstract)",Not applicable (images),"Voxel labels: 1 necrotic core, 2 peritumoral edema, 4 enhancing tumor, 0 other; MGMT methylation status",Not reported,Multi-institutional,Not reported,Routine clinically-acquired mpMRI with different protocols and scanners from multiple institutions; superset of BraTS 2020 (660 cases),Not reported,"Manually-annotated tumor sub-regions; all data co-registered to same anatomical template, 1 mm^3 resolution, skull-stripped",Not reported for data (arXiv paper itself is CC BY 4.0),registration,Create Synapse (Task 1) or Kaggle (Task 2) account and complete registration form,Synapse platform download (Task 1); Kaggle competition data (Task 2),BraTS 2021,Baid U. et al. The RSNA-ASNR-MICCAI BraTS 2021 Benchmark on Brain Tumor Segmentation and Radiogenomic Classification. arXiv:2107.02314; users must cite five publications incl. Menze et al. 2015,Not reported,"Count discrepancy between sources (2,000 cases vs 2,040 patients); Synapse landing page content not machine-readable; Assessment: test labels held by challenge",Kaggle (Task 2 RSNA-MICCAI radiogenomic competition),access_verified,Access verified,WebFetch of UPenn CBICA BraTS 2021 page + arXiv abstract; Synapse page/wiki fetched but returned no dataset details,2026-10-04,Not reported
IMG-002,Brain Tumor MRI Dataset (Nickparvar),Medical Imaging,brain_mri,Kaggle Datasets,https://www.kaggle.com/datasets/masoudnickparvar/brain-tumor-mri-dataset,https://www.kaggle.com/api/v1/datasets/view/masoudnickparvar/brain-tumor-mri-dataset,Not reported,Multiclass brain tumor classification,Brain MRI (2D images),Not reported,"7,200 images (5,600 train / 1,600 test)",Not reported,Not applicable (images),"4 classes: glioma, meningioma, pituitary tumor, no tumor","Train 1,400 per class; Test 400 per class (balanced)",Not reported,Not reported,Not reported,Not reported,Not reported,CC BY 4.0,registration,Assessment: Kaggle account needed for download (not stated on page),Kaggle web/API download,2,Not reported,Not reported,Assessment: aggregated secondary dataset; source datasets and image resolution not stated in fetched metadata,Not reported,access_verified,Access verified,WebFetch of Kaggle landing page (metadata only) + Kaggle API datasets/view JSON,2026-10-04,"167,848,957 bytes (~168 MB)"
IMG-003,UPENN-GBM,Medical Imaging,brain_mri,The Cancer Imaging Archive (TCIA),https://www.cancerimagingarchive.net/collection/upenn-gbm/,"TCIA Data Retriever (DICOM); IBM Aspera (NIfTI, histopathology); direct CSV (clinical)",10.7937/TCIA.709X-DN49,"De novo glioblastoma imaging, segmentation, radiomics, radiogenomics",Multi-parametric MRI; histopathology slides,"DICOM, NIfTI, NDPI (histopathology), CSV","3,301 studies / 3,680 series / 828,234 images",630 subjects with imaging; 671 with clinical data,Not applicable (images),Not reported,Not reported,University of Pennsylvania Health System (USA),Not reported,Not reported,Not reported,"Manually-corrected tumor segmentation, whole-brain segmentation, radiomic features, clinical demographics, molecular testing results",CC BY 4.0,open,"None stated beyond tools (TCIA Data Retriever, IBM Aspera Connect)",TCIA Data Retriever; IBM Aspera Connect; PathDB viewer; CSV download,Version 2 (updated 2022/10/24),"Bakas S., Sako C., Akbari H., et al. (2021). Multi-parametric MRI scans for de novo Glioblastoma (GBM) patients from the University of Pennsylvania Health System (UPENN-GBM) (Version 2). TCIA. doi:10.7937/TCIA.709X-DN49",TCIA manifest for Data Retriever,NIfTI images registered to SRI atlas and will not align with DICOM by design; single health system,Not reported,access_verified,Access verified,WebFetch of TCIA collection page,2026-10-04,357.42 GB (139.4 GB DICOM; 69 GB NIfTI; 149 GB histopathology)
IMG-004,LIDC-IDRI,Medical Imaging,lung_ct,The Cancer Imaging Archive (TCIA),https://www.cancerimagingarchive.net/collection/lidc-idri/,TCIA Data Retriever; NCI Imaging Data Commons,10.7937/K9/TCIA.2015.LO9QL9SX,"Lung nodule detection, segmentation and characterization","CT, DX, CR",DICOM; XML annotations; XLS/XLSX,"1,308 studies / 1,308 series / 244,527 images","1,010 subjects",Not applicable (images),Not reported,Not reported,Not reported,Not reported,Not reported,Not reported,"Two-phase reads by four experienced thoracic radiologists marking nodules >=3mm, <3mm and non-nodules; XML characteristic ratings 1-5",CC BY 3.0,open,None stated,TCIA Data Retriever (133.15 GB DICOM); XML-only annotations separately (8.62 MB); Imaging Data Commons,Version 4 (updated 2020/09/21),"Armato III S.G., McLennan G., Bidaut L., et al. Data From LIDC-IDRI [Data set]. TCIA. https://doi.org/10.7937/K9/TCIA.2015.LO9QL9SX",TCIA manifest for Data Retriever,Not reported,NCI Imaging Data Commons,access_verified,Access verified,WebFetch of TCIA collection page,2026-10-04,133.16 GB
IMG-005,NLST (National Lung Screening Trial) imaging,Medical Imaging,lung_ct,The Cancer Imaging Archive (TCIA),https://www.cancerimagingarchive.net/collection/nlst/,TCIA Data Retriever (manifest); imaging.datacommons.cancer.gov,10.7937/TCIA.HMQ8-J677,"Lung cancer screening, nodule/cancer detection on low-dose CT",CT; histopathology; tissue microarray,"DICOM (CT); clinical spreadsheets (SAS, ZIP, DOC)","73,116 studies / 203,099 series / 21,082,265 images","26,254 subjects",Not applicable (images),Not reported,Not reported,Not reported,Enrollment Aug 2002 - Apr 2004; follow-up through 31 Dec 2009,Randomized screening trial,Not reported,"Clinical data: demographic, diagnosis, exposure, measurement, follow-up",CC BY 4.0,open,None stated on TCIA page,TCIA Data Retriever (CT); IBM Aspera Connect (histopathology); spreadsheet download (clinical),Version 3 (updated 2021/09/24),National Lung Screening Trial Research Team. (2013). Data from the National Lung Screening Trial (NLST) [Data set]. TCIA. doi:10.7937/TCIA.HMQ8-J677,TCIA manifest file available,Very large (11.92 TB),"NCI Imaging Data Commons; Assessment: CDAS (cdas.cancer.gov) holds additional NLST clinical data, not fetched",access_verified,Access verified,WebFetch of TCIA collection page,2026-10-04,11.92 TB (11.14 TB CT; 775 GB tumor slides)
IMG-006,"Chest X-Ray Images (Pneumonia), Kermany et al.",Medical Imaging,chest_xray,Mendeley Data,https://data.mendeley.com/datasets/rscbjbr9sj/2,https://www.kaggle.com/datasets/paultimothymooney/chest-xray-pneumonia,10.17632/rscbjbr9sj.2,Pediatric pneumonia vs normal classification,Chest X-ray (pediatric); Mendeley record also includes OCT images,JPEG (Kaggle mirror),"5,863 JPEG images (Kaggle mirror)",Not reported,Not applicable (images),2 categories: Pneumonia / Normal,Not reported (mirror metadata gives no per-class counts),"Guangzhou Women and Children's Medical Center, China",Not reported,Routine clinical care; patients aged 1-5 years; quality-screened and diagnosed by expert physicians,Not reported,Not reported,CC BY 4.0 (stated on Kaggle mirror; not shown on fetched Mendeley page),open,Assessment: none for Mendeley; Kaggle mirror needs account,Mendeley Data download; Kaggle mirror,"2 (Mendeley, published 2018-01-06)",Kermany D. et al. Identifying Medical Diagnoses and Treatable Diseases by Image-Based Deep Learning. Cell 2018 (cell.com/cell/fulltext/S0092-8674(18)30154-5),Not reported,Single centre; pediatric only; Kaggle mirror organized train/test/val with small val split,Kaggle mirror: https://www.kaggle.com/datasets/paultimothymooney/chest-xray-pneumonia,access_verified,Access verified,WebFetch of Mendeley landing page + Kaggle API JSON for mirror (counts/license from mirror),2026-10-04,"~1.24 GB (1,236,482,806 bytes, Kaggle mirror)"
IMG-007,NIH ChestX-ray14,Medical Imaging,chest_xray,NIH Clinical Center (Box),https://nihcc.app.box.com/v/ChestXray-NIHCC,https://nihcc.app.box.com/v/ChestXray-NIHCC,Not reported,Thoracic disease multi-label classification and weakly-supervised localization,Chest X-ray (frontal view),Not reported,"Over 100,000 images (NIH CC news); ChestX-ray8 paper: 108,948 frontal-view images","More than 30,000 patients (NIH CC news); ChestX-ray8 paper: 32,717",Not applicable (images),Text-mined disease labels (8 in ChestX-ray8 paper; 14-label version count not confirmed in fetched pages),Not reported,"NIH Clinical Center, USA",Released Sept 2017,Images from NIH Clinical Center patients; labels text-mined from radiology reports via NLP,Not reported,NLP-derived image-level labels; multi-label,Not reported,open,None stated (news: researchers can 'freely access'),Box folder download,Not reported,Wang X. et al. ChestX-ray8: Hospital-scale Chest X-ray Database and Benchmarks... (arXiv:1705.02315),Not reported,"Labels NLP-derived (noisy); 112,120/30,805/14-label figures not confirmed on fetched pages; Box page needs JavaScript",Not reported,source_verified,Source verified,Box page fetched but no content (JS required); WebFetch of NIH IRP and NIH CC news pages + arXiv 1705.02315 abstract; nih.gov news release 404,2026-10-04,Not reported
IMG-008,CheXpert,Medical Imaging,chest_xray,Stanford AIMI,https://stanfordmlgroup.github.io/competitions/chexpert/,https://aimi.stanford.edu/datasets/chexpert-chest-x-rays (download via stanfordaimi.azurewebsites.net),10.71718/y7pj-4v93,Multi-label chest radiograph interpretation,Chest X-ray,Not reported,"224,316 chest radiographs","65,240 patients",Not applicable (images),"14 observations labeled positive/negative/uncertain; competition on 5 (atelectasis, cardiomegaly, consolidation, edema, pleural effusion)",Not reported,"Stanford Hospital, USA (inpatient and outpatient)",October 2002 - July 2017,Retrospective; labels extracted from radiology reports by automated rule-based labeler,Not reported,"Rule-based report labeler (mention extraction, classification, aggregation); test-set labels on GitHub",Not reported (AIMI page has Terms & Conditions; text not extracted),registration,"Accept Stanford AIMI Terms & Conditions (Assessment: login required, not confirmed)",Stanford AIMI / Azure web interface (Redivis also mentioned),Not reported,Irvin J. et al. CheXpert: A Large Chest Radiograph Dataset with Uncertainty Labels and Expert Comparison. arXiv:1901.07031,Not reported,Single institution; automated labels with uncertainty,Not reported,access_verified,Access verified,WebFetch of Stanford ML Group page + Stanford AIMI dataset page; AIMI Azure page returned no content,2026-10-04,Not reported
IMG-009,MIMIC-CXR v2.0.0,Medical Imaging,chest_xray,PhysioNet,https://physionet.org/content/mimic-cxr/2.0.0/,https://physionet.org/content/mimic-cxr/2.0.0/,10.13026/C2JT1Q (v2.0.0); 10.13026/s5dg-6s42 (latest),Chest radiograph interpretation; report generation,Chest X-ray,DICOM (JPG in separate MIMIC-CXR-JPG),"377,110 images / 227,835 radiographic studies",Not reported,Not applicable (images),Free-text radiology reports (structured labels in MIMIC-CXR-JPG),Not reported,"Beth Israel Deaconess Medical Center, Boston, MA, USA",2011-2016,Emergency department chest radiographs; HIPAA Safe Harbor de-identification,Not reported,Free-text radiology reports,PhysioNet Credentialed Health Data License 1.5.0,credentialed,Credentialed PhysioNet user; CITI Data or Specimens Only Research training; sign DUA,PhysioNet authenticated download,"2.0.0 (versions 1.0.0, 2.0.0, 2.1.0)","Johnson A., Pollard T., Mark R., Berkowitz S., Horng S. (2019). MIMIC-CXR Database (version 2.0.0). PhysioNet. https://doi.org/10.13026/C2JT1Q",Not reported,Single centre; ED population; no sharing/reidentification permitted,MIMIC-CXR-JPG (PhysioNet derivative),access_verified,Access verified,WebFetch of PhysioNet project page,2026-10-04,Not reported
IMG-010,OASIS-3,Medical Imaging,alzheimers_mri,OASIS Brains / NITRC-IR,https://sites.wustl.edu/oasisbrains/home/oasis-3/,NITRC-IR (after approved access request),10.1101/2019.12.13.19014902 (medRxiv paper),Normal aging and Alzheimer disease neuroimaging,"MRI (T1w, T2w, FLAIR, ASL, SWI, TOF, rs-BOLD, DTI); PET (PIB, AV45, FDG, AV1451); CT",DICOM; FreeSurfer outputs; PUP post-processed files; JSON; UDS clinical forms,"2,842 MR sessions / 2,157 PET sessions / 1,472 CT sessions","1,378 participants",Not applicable (images),Not reported,755 cognitively normal; 622 cognitive decline,Not reported,30 years,Longitudinal; ages 42-95,Not reported,FreeSurfer volumetric segmentation; clinical/cognitive data,Not reported (OASIS Data Use Agreement; acknowledgment required),controlled,NITRC registration; access request application; DUA; AV45/AV1451 publications submitted to Avid 30 days prior,NITRC-IR,Not reported,"LaMontagne P.J. et al. OASIS-3: Longitudinal Neuroimaging, Clinical, and Cognitive Dataset for Normal Aging and Alzheimer Disease. medRxiv 2019",Not reported,Not reported,Not reported,access_verified,Access verified,WebFetch of OASIS-3 page,2026-10-04,Not reported
IMG-011,ADNI (Alzheimer's Disease Neuroimaging Initiative),Medical Imaging,alzheimers_mri,LONI Image and Data Archive (IDA),https://adni.loni.usc.edu/,https://ida.loni.usc.edu (after approval),Not reported,Biomarkers for early detection and tracking of Alzheimer's disease,"MRI, PET; biofluids, genetics/omics, neuropathology, cognitive assessments",Not reported,Not reported,"Over 2,500 participants",Not applicable (images),Not reported,Not reported,United States and Canada (multicenter),Not reported,Longitudinal multicenter study; phases through ADNI4,Not reported,Not reported,Not reported (ADNI Data Use Agreement and publication policies),controlled,Accept DUA; online application with affiliation and research use; Data Sharing and Publications Committee review (~2 weeks); annual account update,LONI IDA download after approval,Not reported,Not reported,Not reported,Assessment: diagnosis group membership per visit schedule; counts per phase not stated on fetched pages,Not reported,access_verified,Access verified,WebFetch of ADNI homepage + ADNI data access page,2026-10-04,Not reported
IMG-012,CBIS-DDSM,Medical Imaging,mammography,The Cancer Imaging Archive (TCIA),https://www.cancerimagingarchive.net/collection/cbis-ddsm/,NBIA/TCIA Data Retriever,10.7937/K9/TCIA.2016.7O02S9CY,Mass and calcification detection/classification in mammography,Mammography (MG),DICOM; CSV case descriptions,"6,775 studies / 6,775 series / 10,239 images","1,566 participants",Not applicable (images),Pathologic diagnosis; BI-RADS,Not reported,Not reported,Not reported,Not reported,Not reported,"ROI masks, bounding boxes, BI-RADS, pathology, updated lesion segmentation for masses",CC BY 3.0,open,None stated,NBIA Data Retriever,Version 1 (updated 2017/09/14),"Sawyer-Lee R., Gimenez F., Hoogi A., Rubin D. (2016). Curated Breast Imaging Subset of DDSM (CBIS-DDSM) [Data set]. TCIA. doi:10.7937/K9/TCIA.2016.7O02S9CY",TCIA manifest,Predefined 80/20 train/test split stratified by BI-RADS; Assessment: digitized film mammograms,Not reported,access_verified,Access verified,WebFetch of TCIA collection page,2026-10-04,163.51 GB
IMG-013,VinDr-Mammo,Medical Imaging,mammography,PhysioNet,https://physionet.org/content/vindr-mammo/1.0.0/,https://physionet.org/content/vindr-mammo/1.0.0/,10.13026/br2v-7517 (v1.0.0); 10.13026/5vp3-8s83 (latest),"Breast cancer screening: BI-RADS, density, finding detection",Full-field digital mammography,DICOM,"5,000 four-view exams / 20,000 images",Not reported,Not applicable (images),BI-RADS 1-5; breast density A-D; finding categories,"Train 4,000 exams / test 1,000 exams, stratified by BI-RADS, density and abnormality","Hanoi Medical University Hospital and Hospital 108, Vietnam",2018-2020,Not reported,Not reported,"Breast-level BI-RADS & density; bounding boxes for findings (mass, calcification, asymmetries, architectural distortion, etc.) for BI-RADS 3-5",PhysioNet Restricted Health Data License 1.5.0,registration,Registered PhysioNet user; sign data use agreement,PhysioNet authenticated download,1.0.0,"Pham H.H., Nguyen Trung H., Nguyen H.Q. (2022). VinDr-Mammo dataset. PhysioNet.",Not reported,Not reported,Not reported,access_verified,Access verified,WebFetch of PhysioNet project page,2026-10-04,Not reported
IMG-014,HAM10000,Medical Imaging,skin_lesions,Harvard Dataverse,https://dataverse.harvard.edu/dataset.xhtml?persistentId=doi:10.7910/DVN/DBW86T,https://dataverse.harvard.edu/api/datasets/:persistentId/?persistentId=doi:10.7910/DVN/DBW86T,10.7910/DVN/DBW86T,Pigmented skin lesion classification,Dermatoscopy,"JPEG, 800x600 px, 72 DPI, 8-bit","10,015 dermatoscopic images",Not reported,Not applicable (images),"7 categories: akiec, bcc, bkl, df, nv, mel, vasc",Not reported (per-class counts not extracted),"Vienna, Austria (tertiary referral); Queensland, Australia (primary care)",20 years,Not reported,Not reported,">50% confirmed by histopathology; remainder follow-up, expert consensus or in-vivo confocal microscopy",CC-BY 4.0 (as reported on Sci Data descriptor page; Dataverse terms not fetched),open,Not reported,Harvard Dataverse; ISIC Archive,Not reported,"Tschandl P., Rosendahl C., Kittler H. The HAM10000 dataset... Sci. Data 5, 180161 (2018)",Not reported,Two sites only; class imbalance (Assessment),ISIC Archive,source_verified,Source verified,Dataverse page and API blocked (robots.txt); WebFetch of Sci Data descriptor (nature.com/articles/sdata2018161),2026-10-04,Not reported
IMG-015,ISIC Archive / ISIC 2019-2020 challenge,Medical Imaging,skin_lesions,ISIC Archive,https://challenge.isic-archive.com/data/,https://isic-archive.s3.amazonaws.com/challenges/2019/ISIC_2019_Training_Input.zip; api.isic-archive.com,Not reported,Skin lesion classification (8-class 2019; melanoma binary 2020),Dermatoscopy,JPEG (2019); DICOM and JPEG (2020),"2019: 25,331 train / 8,238 test; 2020: 33,126 train / 10,982 test; Archive: 549,571 public images",Not reported,Not applicable (images),"2019: MEL, NV, BCC, AK, BKL, DF, VASC, SCC; 2020: melanoma vs non-melanoma",Not reported,Not reported,Not reported,Not reported,Not reported,"Metadata: age, sex, anatomic site, lesion/patient identifier",CC-BY-NC 4.0 (2019 and 2020 challenge data),open,None for challenge zips; ISIC account referenced for archive features,Direct S3 zip downloads; gallery; ISIC API; isic-cli,Not reported,"2019: Tschandl et al. Sci Data 5,180161 (2018) + BCN_20000, MSK; 2020: Rotemberg V. et al. Sci Data 8, 34 (2021)",Not reported,Non-commercial license,Not reported,access_verified,Access verified,WebFetch of ISIC challenge data page + isic-archive.com,2026-10-04,2019: 9.1 GB train + 3.6 GB test; 2020 JPEG: 23 GB train + 6.7 GB test
IMG-016,PatchCamelyon (PCam),Medical Imaging,histopathology,GitHub + Zenodo,https://github.com/basveeling/pcam,Zenodo 10.5281/zenodo.2546921 / Google Drive (links in repo),10.5281/zenodo.2546921 (per assignment; Zenodo record not fetched),Metastasis detection in lymph node patches (binary),H&E histopathology patches,gzipped HDF5; CSV metadata,"327,680 images (96x96 px)",Not reported,Not applicable (images),Binary: tumor in center 32x32 px region,"50/50 positive/negative in each split; train 262,144 / val 32,768 / test 32,768",Not reported,Not reported,Patches extracted from Camelyon16 WSIs,Not reported,Not reported,CC0 (data); MIT (code),open,Not reported,Zenodo or Google Drive,Not reported,"Veeling B.S. et al. 2018, Rotation Equivariant CNNs for Digital Pathology (arXiv:1806.03962)",MD5 checksums in repo README,Derived from CAMELYON16; small patches,Zenodo; Google Drive,access_verified,Access verified,WebFetch of GitHub README,2026-10-04,Training images 6.1 GB
IMG-017,CAMELYON16,Medical Imaging,histopathology,Grand Challenge,https://camelyon16.grand-challenge.org/,https://camelyon16.grand-challenge.org/Download/ (no links shown in fetched content),Not reported,Detection of lymph node metastases in breast cancer WSIs,H&E whole-slide images,Multi-resolution pyramidal WSI (OpenSlide-readable); XML contours; binary masks,"400 WSIs (270 train: 160 normal, 110 metastases; 130 test)",Not reported,Not applicable (images),Not reported,Not reported,"Radboud UMC (Nijmegen) and UMC Utrecht, Netherlands",Challenge ended Nov 2016,Not reported,Not reported,XML contour vertices and WSI binary masks for metastatic slides,Not reported,unknown,Not reported,Not reported,Not reported,Ehteshami Bejnordi B. et al. JAMA 2017;318(22):2199-2210. doi:10.1001/jama.2017.14585,Not reported,Two centres; download page shows no links,Not reported,source_verified,Source verified,"WebFetch of challenge home, Data and Download pages",2026-10-04,Not reported
IMG-018,MedMNIST v2 / MedMNIST+,Medical Imaging,multi_modality,Zenodo + medmnist.com,https://medmnist.com/,https://zenodo.org/records/10519652; pip install medmnist,10.5281/zenodo.10519652,Lightweight benchmark for 2D/3D biomedical image classification [multi],"Multiple (pathology, CXR, dermatoscopy, OCT, fundus, ultrasound, blood cells, CT, etc.)",.npz,"~708K 2D images and ~10K 3D images across 18 datasets (12 2D, 6 3D)",Not reported,Not applicable (images),"Binary/multi-class, ordinal regression, multi-label",Not reported,Not reported,Not reported,Not reported,Not reported,Pre-processed labels from source datasets,CC BY 4.0 except DermaMNIST CC BY-NC 4.0; code Apache-2.0,open,Not reported,Zenodo files or medmnist Python package,"3.0 (Zenodo, 2024-01-16)","Yang J. et al., MedMNIST v2, Scientific Data (2023); ISBI 2021",46 files on Zenodo record,"Derived/downsampled from source datasets; resolutions 28-224 (2D), 28/64 (3D)",Not reported,access_verified,Access verified,WebFetch of medmnist.com + Zenodo record page (API blocked by robots.txt),2026-10-04,46.1 GB (all sizes)
IMG-019,APTOS 2019 Blindness Detection,Medical Imaging,retinal,Kaggle Competitions,https://www.kaggle.com/competitions/aptos2019-blindness-detection,https://www.kaggle.com/competitions/aptos2019-blindness-detection/data,Not reported,Diabetic retinopathy detection ('Detect diabetic retinopathy to stop blindness before it's too late'),Retinal fundus photography (Assessment),Not reported,Not verified,Not reported,Not applicable (images),Not verified,Not reported,Not reported,Not reported,Not reported,Not reported,Not reported,Not reported (competition rules not retrievable),competition,Assessment: Kaggle account and competition rules acceptance,Kaggle competition download,Not reported,Not reported,Not reported,"Fetched pages contained only metadata; counts, grades, size unverified",Not reported,source_verified,Source verified,WebFetch of Kaggle overview/data pages (metadata only); Kaggle API returned 401,2026-10-04,Not reported
IMG-020,IDRiD (Indian Diabetic Retinopathy Image Dataset),Medical Imaging,retinal,IEEE DataPort,https://ieee-dataport.org/open-access/indian-diabetic-retinopathy-image-dataset-idrid,https://ieee-dataport.org/open-access/indian-diabetic-retinopathy-image-dataset-idrid,10.21227/H25W98,"DR/DME grading, lesion segmentation, optic disc/fovea localization",Retinal fundus photography,JPG images; TIFF ground truth; CSV labels; ZIP,Segmentation 81 images; Grading 516 (413 train/103 test); Localization 516 (413/103),Not reported,Not applicable (images),DR grade 0-4; DME grade 0-2; lesion masks; OD/fovea coordinates,Not reported,India,Not reported,Not reported,Not reported,"Pixel-level masks for microaneurysms, hemorrhages, hard/soft exudates, optic disc",Not reported,registration,Free IEEE DataPort account login (IEEE membership not needed),IEEE DataPort ZIP downloads,Not reported,"Porwal P. et al., 2018 (ISBI 2018 challenge)",Not reported,Small dataset; single population,Not reported,access_verified,Access verified,WebFetch of IEEE DataPort page,2026-10-04,~962 MB (557.25 MB segmentation + 202.57 MB grading + 202.67 MB localization)
PH-001,WHO Global Health Observatory (GHO) OData API,Public Health,epidemiology,WHO Global Health Observatory,https://www.who.int/data/gho/info/gho-odata-api,"https://ghoapi.azureedge.net/api (endpoints /Indicator, /Dimension, /DIMENSION/{code}/DimensionValues, /{IndicatorCode})",Not reported,Global health indicator time series (country/region) for epidemiological and comparative analysis,Aggregate indicator data via OData REST API,JSON (OData; /Indicator returned JSON with @odata.context); docs state default 'Observatory's XML schema'; Power BI OData feed,Not reported,Not reported,Not reported (indicator count not stated),Not applicable (aggregate indicators),Not applicable,"Worldwide: countries and 6 WHO regions (Africa, Americas, Europe, Eastern Mediterranean, South-East Asia, Western Pacific)",Indicator-dependent; filter via TimeDimensionBegin/TimeDimensionEnd (span not stated),"WHO compilation of country-reported and WHO-estimated indicators (aggregation level: country/region/global, indicator-dependent)",Not reported,Not applicable,Not reported on API page (WHO 'Terms of use' linked in footer),open,None stated; no authentication mentioned,OData REST queries with $filter on dimensions/time,Not reported,Not reported (contact gho_info@who.int),Not reported,"Assessment: indicator definitions, disaggregation and years vary per indicator; reporting frequency not stated.",Not reported,access_verified,Access verified,WebFetch of WHO GHO OData API docs page + live https://ghoapi.azureedge.net/api/Indicator?$top=3 (JSON),2026-10-04,Not reported
PH-002,WHO Mortality Database,Public Health,mortality,WHO,https://www.who.int/data/data-collection-tools/who-mortality-database,"Raw files (ICD-7, ICD-8, ICD-9, ICD-10 parts 1-6) from landing page; interactive portal https://platform.who.int/mortality",Not reported,"Cause-specific mortality analysis by country, age and sex",Death registration counts (civil registration and vital statistics),ASCII comma-separated values (raw files),Not reported (note: over '2 million records in one data file'),Not reported,Not reported,Not applicable (aggregate indicators),Not applicable,WHO Member States reporting CRVS data; some partial national coverage (e.g. 'Brazil (North and North-east)'),1950 to date; ICD-10 files last updated 23 February 2026,"'mortality data as reported annually by Member States from their civil registration and vital statistics systems'; aggregated by country-year, age, sex, underlying cause (as coded nationally)",Death registration completeness may be <100%; completeness estimates provided for latest year,Not applicable,Non-commercial: 'no use will be made of them for commercial purposes'; WHO must be credited as source,open,Accept non-commercial use condition; credit WHO,Direct file download from landing page; interactive portal,ICD-10 files last update 23 February 2026,Not reported (publications must credit WHO as source),Not reported,Coverage/completeness varies; 'cross-national differences in coding practices' must be considered; raw files require DBMS; multiple ICD revisions.,Not reported,access_verified,Access verified,WebFetch of WHO Mortality Database landing page,2026-10-04,Not reported
PH-003,WHO/UNICEF Estimates of National Immunization Coverage (WUENIC),Public Health,vaccination,WHO Immunization Data portal,https://immunizationdata.who.int/,https://srhdpeuwpubsa-geecgzbpd5h0fueu.z01.azurefd.net/whdh/WIISE/export/coverage-data.xlsx (all vaccination coverage data); WUENIC country summary: https://immunizationdata.who.int/docs/librariesprovider21/additional-datasets/wuenic-input-to-pdf.xlsx,Not reported,National vaccination coverage trends by antigen; programme monitoring,Country-level coverage estimates,.xlsx,Not reported,Not reported,Not reported (coverage by antigen),Not applicable (aggregate indicators),Not applicable,"WHO and UNICEF Member States (national level), with global/regional summaries",Estimates through 2025; released annually in July,WHO/UNICEF estimates from country-reported data and coverage surveys (country-level annual),Estimates include Member States 'that did not report 2025 data',Not applicable,Not reported (WHO Terms of use linked in footer),open,None stated,Direct xlsx download; dashboards; WHO VISTA app,2025 estimates (annual July release),Not reported,Not reported,Assessment: modelled estimates; annual national aggregates only.,Related: coverage survey data xlsx on same portal,access_verified,Access verified,WebFetch of immunizationdata.who.int home + Download page,2026-10-04,Not reported
PH-004,CDC WONDER Underlying Cause of Death,Public Health,mortality,CDC WONDER,https://wonder.cdc.gov/deaths-by-underlying-cause.html,Online query system https://wonder.cdc.gov/ucd-icd10.html (and single-race 2018-2024 database),Not reported,"US mortality counts and rates by cause, geography and demographics",Aggregated death certificate data (query tables),Not reported,Not reported,Not reported,"Variables: age groups, race, Hispanic ethnicity, sex, ICD-10 4-digit cause, 113 selected causes, injury intent/mechanism, place of death, month, weekday, autopsy, urbanization",Not applicable (aggregate indicators),Not applicable,"United States: national, region, state, county (by residence)",2018-2024 (single race); 1999-2020 (bridged race); 1968-2016 (compressed mortality),"Death certificates (NVSS); aggregated query output: counts, crude and age-adjusted rates with 95% CI",Counts/rates based on 9 or fewer deaths suppressed,Not applicable,Data use restrictions: 'Use these data for health statistical reporting and analysis only. Do not present or publish death counts of 9 or fewer...',registration,Agree to data use restrictions before query (no re-identification; report inadvertent discoveries); access_level: click-through agreement,Interactive web query with table export; API not stated on fetched pages,Single-race 2018-2024 release,Not reported,Not reported,Suppression of counts <10; violations can lead to penalties under 18 USC 1001; aggregate only.,Not reported,access_verified,Access verified,WebFetch of wonder.cdc.gov deaths-by-underlying-cause.html + ucd-icd10.html,2026-10-04,Not reported
PH-005,Behavioral Risk Factor Surveillance System (BRFSS) annual survey data,Public Health,epidemiology,CDC BRFSS,https://www.cdc.gov/brfss/annual_data/annual_data.htm,https://www.cdc.gov/brfss/annual_data/2024/files/LLCP2024XPT.zip ; https://www.cdc.gov/brfss/annual_data/2024/files/LLCP2024ASC.zip,Not reported,Chronic disease risk behaviours and preventive practices surveillance [risk factors],Respondent-level survey microdata,"SAS Transport (XPT, zipped), ASCII (zipped)","457,670 records (2024)","457,670 respondents (2024)",345 variables (2024 SAS Transport),Not applicable: respondent-level survey microdata; outcome chosen per study (correction by catalogue maintainer: this dataset is not aggregate),Not applicable,"2024: 49 states, DC, Guam, Puerto Rico, US Virgin Islands (Tennessee excluded)",Annual data 1991-2025 listed; BRFSS began 1984,"Combined landline and cell phone telephone survey; raking weights (since 2011); annual, state-level design",Tennessee excluded from 2024 due to insufficient data collection,Not applicable,Not reported,open,None stated,Direct zip download,2024 data released August 2025; 2025 listed,Not reported,Not reported,Self-reported; 2011 weighting change limits comparability with earlier years (Assessment).,Not reported,access_verified,Access verified,WebFetch of BRFSS annual data index + 2024 annual data page,2026-10-04,2024: ASCII 41.5 MB; SAS Transport ZIP 64.3 MB
PH-006,National Health and Nutrition Examination Survey (NHANES),Public Health,epidemiology,CDC NCHS,https://wwwn.cdc.gov/nchs/nhanes/default.aspx,"Cycle data pages, e.g. https://wwwn.cdc.gov/nchs/nhanes/continuousnhanes/default.aspx?Cycle=2021-2023",Not reported,"Population health, nutrition, clinical exam and laboratory measures","Survey microdata: interview, physical exam, laboratory",Not reported on fetched pages (SAS Viewer referenced),Not reported per cycle,"'about 5,000 adults and children' per year","Components: Demographics, Dietary, Examination, Laboratory, Questionnaire, Limited Access",Not applicable: respondent-level survey microdata; outcome chosen per study (correction by catalogue maintainer: this dataset is not aggregate),Not applicable,United States (nationally representative),Continuous cycles 1999-2000 onward; 2017-March 2020; Aug 2021-Aug 2023; 2025-2027 current; earlier NHANES I-III from 1959,"Household interviews, mobile exam centre exams, laboratory tests; 2-year cycles",Field operations suspended March 2020 (COVID-19),Not applicable,Not reported,open,"Review NHANES Data User Agreement; restricted files via NCHS Research Data Center (fee, Standard Application Process)",Direct file download per cycle/component,Aug 2021-Aug 2023 cycle (updated sample design),Not reported,Not reported,"Restricted variables only via RDC; 2021-2023 design changes affect comparability (stated: updated sample design, modified questionnaires).",Not reported,access_verified,Access verified,"WebFetch of NHANES home, 2021-2023 cycle page, NHANES About page",2026-10-04,Not reported
PH-007,NNDSS Weekly Data,Public Health,epidemiology,data.cdc.gov (Socrata),https://data.cdc.gov/d/x9gk-5huc,Metadata https://data.cdc.gov/api/views/x9gk-5huc.json ; CSV https://data.cdc.gov/api/views/x9gk-5huc/rows.csv?accessType=DOWNLOAD,Not reported,Weekly provisional notifiable disease case surveillance [infectious disease surveillance],Aggregate weekly case counts by reporting area,CSV/JSON (Socrata),"Not stated; metadata column stats show 2,000,040 non-null 'Reporting Area' values at fetch time (another fetch reported 1,991,640)",Not reported,"Columns: Reporting Area, Current MMWR Year, MMWR Week, Label, Current week (+flag), Previous 52 week Max (+flag), Cumulative YTD current/previous year (+flags), Location1/2, Sort_order, Geocode",Not applicable (aggregate indicators),Not applicable,"United States, U.S. territories, non-U.S. residents (reporting areas)",2022-2026 (MMWR weeks); weekly updates (metadata: Weekly); last updated 2026-09-30,NNDSS case notifications from state health departments; aggregation: reporting area x MMWR week x disease,"Provisional, 'subject to ongoing revision of information and delayed reporting'; many null current-week cells",Not applicable,Not reported in metadata,open,None,Socrata CSV export / SODA API,Updated 2026-09-30,"Attribution: Office of Public Health Data, Surveillance, and Technology, CDC",Not reported,Provisional counts; delayed reporting; flags for suppressed/unavailable values.,Not reported,access_verified,Access verified,Socrata catalog API search + WebFetch of data.cdc.gov/api/views/x9gk-5huc.json,2026-10-04,Not reported
PH-008,"PLACES: Local Data for Better Health, County Data, 2025 release",Public Health,epidemiology,data.cdc.gov (Socrata),https://data.cdc.gov/d/swc5-untb,Metadata https://data.cdc.gov/api/views/swc5-untb.json ; CSV https://data.cdc.gov/api/views/swc5-untb/rows.csv?accessType=DOWNLOAD,Not reported,"County-level model-based prevalence of chronic disease outcomes, risk behaviours, prevention, disability, social needs [prevalence small-area estimates]",Model-based small-area estimates,CSV/JSON (Socrata),Not reported,Not reported,"40 measures; columns incl. Year, StateAbbr, LocationName, DataSource, Category, Measure, Data_Value, Low/High_Confidence_Limit, TotalPopulation, LocationID, MeasureId",Not applicable (aggregate indicators),Not applicable,"All US states and DC, county level (PLACES also offers place, census tract, ZCTA)","2023 BRFSS (35 measures), 2022 BRFSS (5 biennial measures); data updated 2025-12-04","Small-area estimation from BRFSS 2023/2022, Census 2023 population estimates, ACS 2019-2023/2018-2022",Footnote fields indicate suppressed values,Not applicable,Public Domain,open,None,Socrata CSV export / SODA API,2025 release,"Attribution: CDC, NCCDPHP, Division of Population Health",Not reported,"Model-based estimates, not direct survey measures (Assessment).",GIS-friendly county format: https://data.cdc.gov/d/i46a-9kgh,access_verified,Parsed,Socrata catalog search + WebFetch of swc5-untb.json + cdc.gov/places,2026-10-04,Not reported
PH-009,NCHS - Leading Causes of Death: United States,Public Health,mortality,data.cdc.gov (Socrata),https://data.cdc.gov/d/bi63-dtpu,Metadata https://data.cdc.gov/api/views/bi63-dtpu.json ; CSV https://data.cdc.gov/api/views/bi63-dtpu/rows.csv?accessType=DOWNLOAD,Not reported,"Trends in 10 leading causes of death, US and states",Aggregate death counts and age-adjusted rates,CSV/JSON (Socrata),"10,868 records",Not reported,"6 columns: Year, 113 Cause Name, Cause Name, State, Deaths, Age-adjusted Death Rate",Not applicable (aggregate indicators),Not applicable,United States (national + 50 states and DC),1999/2017,Resident death certificates (NCHS/DVS); aggregation: state x year x cause,Not reported,Not applicable,Public Domain U.S. Government,open,None,Socrata CSV export / SODA API,Rows updated 2019-10-24,Attribution: NCHS/DVS,Not reported,Ends 2017; not updated since 2019.,Not reported,access_verified,Parsed,WebFetch of data.cdc.gov/api/views/bi63-dtpu.json,2026-10-04,Not reported
PH-010,"National Family Health Survey (NFHS-5), 2019-21",Public Health,india_health,IIPS / MoHFW; OGD Platform India (data.gov.in),https://data.gov.in/resource/all-india-and-stateut-wise-factsheets-national-family-health-survey-nfhs-5-2019-2021,data.gov.in resource download (API 'does not exist'); report https://dhsprogram.com/pubs/pdf/FR375/FR375.pdf,Not reported,"Population, health and nutrition indicators for India and states/UTs",Survey-based state/UT factsheet indicators,Not reported,Not reported in fetched content (Table 1.2 by state),Not reported,Not reported,Not applicable (aggregate indicators),Not applicable,India and each state/UT (district-level estimates for many indicators per note),"2019-2021 fieldwork; resource published 15/02/2022, updated 05/03/2022",Household survey by IIPS and ICF (aggregation: All-India and state/UT factsheet),Figures in ( ) based on 25-49 unweighted cases,Not applicable,Not reported on page (OGD platform),open,None stated for factsheet; unit-level data access not verified,data.gov.in resource download,NFHS-5 (2019-21),"'National Family Health Survey (NFHS-5), 2019-21: India. Mumbai: IIPS.'",Not reported,rchiips.org could not be fetched; unit-level microdata access (DHS Program) not verified.,DHS Program report FR375,source_verified,Source verified,WebFetch of data.gov.in NFHS-5 factsheet resource + DHS FR375 PDF; rchiips.org fetch failed (robots.txt),2026-10-04,Not reported
PH-011,Health Management Information System (HMIS) India,Public Health,india_health,MoHFW HMIS; OGD Platform India,https://hmis.mohfw.gov.in/,Example data.gov.in resource: https://www.data.gov.in/resource/item-wise-hmis-report-district-level-bihar-upto-december-2018-19 (ref URL https://nrhm-mis.nic.in/hmisreports/frmstandard_reports.aspx),Not reported,"Facility-reported service delivery indicators (maternal, immunisation, disease)",Aggregated routine health facility reports,Not reported,Not reported,Not reported,"Indicators incl. 'Health, Abortions, Immunisation, AEFI, Adolescent, Bite, Sting, Disease'",Not applicable (aggregate indicators),Not applicable,"India; example resource: Bihar, district level",Example resource: 2018-19 up to December; monthly granularity,Routine HMIS facility reporting aggregated to district (monthly),Not reported,Not applicable,Not reported (references NDSAP),open,Not verified for HMIS portal,data.gov.in resource download (no API),Published 23/12/2020; updated 25/05/2021,Not reported,Not reported,HMIS portal hmis.mohfw.gov.in not fetched (timeout); only a state example resource verified.,Not reported,source_verified,Source verified,Fetch failed for hmis.mohfw.gov.in (robots.txt ConnectTimeout); WebFetch of data.gov.in HMIS Bihar resource,2026-10-04,Not reported
PH-012,"State/UT-wise Total Number of PHCs, SHCs and District Hospitals as per Rural Health Statistics (RHS) 2021-22",Public Health,india_health,OGD Platform India (data.gov.in),https://www.data.gov.in/resource/stateut-wise-total-number-primary-health-centres-phcs-sub-health-centres-shcs-and-district,data.gov.in resource download,Not reported,Health infrastructure counts by state/UT,Aggregate counts,Not reported,Not reported,Not reported,Not reported,Not applicable (aggregate indicators),Not applicable,"India, State/UT-wise",2021-22 (published/updated 23/10/2024),Rural Health Statistics (MoHFW) compiled counts; state/UT aggregation,Not reported,Not applicable,Not reported (none shown),open,None stated,data.gov.in resource download,RHS 2021-22,Not reported,Not reported,Single-year infrastructure snapshot.,Not reported,source_verified,Source verified,WebFetch of data.gov.in resource page,2026-10-04,Not reported
PH-013,IHME Global Burden of Disease (GBD) Results Tool,Public Health,epidemiology,IHME GHDx,https://vizhub.healthdata.org/gbd-results/,https://vizhub.healthdata.org/gbd-results/ (fetch 403); data resources page https://ghdx.healthdata.org/gbd-2023/code,Not reported,"Global/national burden estimates (deaths, DALYs, prevalence) by cause, risk, location, age, sex, year",Modelled estimates,Not reported,Not reported,Not reported,GBD 2019 page: 369 diseases and injuries; '350+ health outcomes and risk factors',Not applicable (aggregate indicators),Not applicable,204 countries and territories; subnational for some (GBD 2019 page),From 1990; GHDx page: Results Tool to 'Search and download GBD 2021 estimates'; GBD 2023 noted as latest,Modelled estimates from multiple data sources,Not reported,Not applicable,IHME FREE-OF-CHARGE NON-COMMERCIAL USER AGREEMENT (May 2020),unknown,Non-commercial use only; commercial users must contact IHME; registration requirement not confirmed (Results Tool page returned 403),GBD Results Tool query + download,GBD 2021 estimates (tool); GBD 2023 latest round,Attribution: 'Source: Institute for Health Metrics and Evaluation. Used with permission. All rights reserved',Not reported,Agreement prohibits commercial use and derivative datasets; modelled estimates.,Not reported,access_verified,Access verified,"Fetch failed for vizhub (403); WebFetch of ghdx gbd-2023/code, healthdata.org GBD page, IHME user agreement PDF",2026-10-04,Not reported
PH-014,Our World in Data COVID-19 dataset,Public Health,epidemiology,GitHub (owid/covid-19-data),https://github.com/owid/covid-19-data,https://covid.ourworldindata.org/data/owid-covid-data.csv ; https://catalog.ourworldindata.org/garden/covid/latest/compact/compact.csv,Not reported,"Country-level COVID-19 cases, deaths, testing, hospitalisation, vaccination, policy [infectious disease]",Aggregate time series,"CSV, XLSX, JSON",Not reported,Not reported,Approx. 60+ variables (README),Not applicable (aggregate indicators),Not applicable,Global: cases & deaths 219 countries; vaccinations 218; hospital/ICU 46; tests 193; policy 185,2020 to 19 August 2024 (GitHub repo last update); testing halted 23 June 2022,"Compiled from WHO, JHU and national sources; country-day/week aggregation",Testing data no longer updated after 23 June 2022,Not applicable,Creative Commons BY license,open,None,Direct CSV/XLSX/JSON download; OWID ETL catalog,Archived; last update 19 August 2024,"Mathieu, E., Ritchie, H., Ortiz-Ospina, E. et al. A global database of COVID-19 vaccinations. Nat Hum Behav (2021).",Not reported,Repository archived; switched from JHU to WHO weekly data.,OWID catalog compact.csv,access_verified,Parsed,WebFetch of GitHub repo + public/data/README.md,2026-10-04,Not reported
PH-015,World Bank World Development Indicators (Health topic),Public Health,social_determinants,World Bank Data Catalog,https://datacatalog.worldbank.org/search/dataset/0037712/World-Development-Indicators,"https://api.worldbank.org/v2/en/topic/8?downloadformat=csv (also xml, excel)",Not reported,"Country health, demographic and socioeconomic indicators",Aggregate country-year indicators,"CSV, XML, Excel; API",Not reported,Not reported,"WDI 'over 1,500 indicators'; health topic page lists 56 indicators",Not applicable (aggregate indicators),Not applicable,'more than 200 countries and territories',Several decades (annual); last updated 19 December 2025,World Bank compilation from official sources; country-year aggregation,Not reported,Not applicable,Creative Commons Attribution 4.0,open,None,Bulk download / Indicators API v2,Updated 2025-12-19,Not reported,Not reported,Assessment: annual national aggregates; indicator gaps by country.,Not reported,access_verified,Parsed,WebFetch of WB Data Catalog WDI page + data.worldbank.org/topic/health + API overview,2026-10-04,Full WDI: CSV 270.3 MB; Excel 77.6 MB
PH-016,CDC/ATSDR Social Vulnerability Index (SVI),Public Health,social_determinants,CDC/ATSDR GRASP,https://www.atsdr.cdc.gov/place-health/php/svi/index.html,https://www.atsdr.cdc.gov/place-health/php/svi/svi-data-documentation-download.html,Not reported,Community social vulnerability ranking for emergency preparedness and health equity,Census-derived index,Not reported on fetched pages,Not reported,Not reported,16 ACS census variables in 4 themes,Not applicable (aggregate indicators),Not applicable,United States; census tract level (county map series referenced),"2000, 2010, 2014, 2016, 2018, 2020, 2022",Derived from ACS 5-year estimates; tract-level ranking,Not reported,Not applicable,Not reported,open,None stated,Download page (formats not confirmed),2022 latest listed,"'Centers for Disease Control and Prevention/ Agency for Toxic Substances and Disease Registry/ Geospatial Research, Analysis, and Services Program. CDC/ATSDR Social Vulnerability Index [Year] Database [U.S. or State].'",Not reported,Census tract boundaries change over time (comparability).,Not reported,source_verified,Source verified,WebFetch of SVI landing + data download page,2026-10-04,Not reported
PH-017,EPA Air Quality System (AQS) / AirData,Public Health,social_determinants,US EPA,https://www.epa.gov/outdoor-air-quality-data,https://aqs.epa.gov/aqsweb/airdata/download_files.html ; API https://aqs.epa.gov/data/api/,Not reported,Ambient air pollution exposure for environmental health [environmental determinants],"Monitor measurements (raw/hourly, daily, annual summaries)",Zipped CSV (pre-generated); JSON (API),Not reported,Not reported,"Criteria gases (O3, SO2, CO, NO2), PM2.5, PM10, speciation, meteorology, toxics, lead",Not applicable (aggregate indicators),Not applicable,"United States, Puerto Rico, US Virgin Islands (monitor sites)",1980-2026 (pre-generated files),Outdoor monitors operated by agencies; agencies have up to 6 months to report,AQS not real-time; lag 6+ months,Not applicable,Not reported,open,Files: none; API requires registration (email + key),"Pre-generated zip files (updated twice yearly, late May and November); AQS Data API",Files updated spring/fall,Not reported,Not reported,"Monitor-site data, not gridded (Assessment).",Not reported,access_verified,Access verified,"WebFetch of EPA outdoor air quality page, AirData download files page, AQS API docs",2026-10-04,Individual files <1 MB to ~15 MB
PH-018,DHS Program (Demographic and Health Surveys),Public Health,epidemiology,The DHS Program (ICF/USAID),https://dhsprogram.com/data/,Dataset request via registration; API and STATcompiler referenced on data page,Not reported,"Population, health and nutrition survey analysis in LMICs [population health]","Household survey microdata; biomarker, GPS",Compressed zip files (format-specific formats not stated on fetched page),'over 90 countries from over 300 surveys',Not reported,Not reported,Not applicable (aggregate indicators),Not applicable,Over 90 countries,Not reported,Nationally representative household surveys,Not reported,Not applicable,"Terms of Use Statement required for GPS, HIV and biomarker datasets",registration,Registered user; request with project title and analysis description; review in 24-48 h; send resulting publications (PDF) to DHS archive,Download after approval; sensitive data via secure FTP,Not reported,Not reported,Not reported,GPS/HIV/biomarker data restricted; access per project approval.,Not reported,access_verified,Access verified,WebFetch of dhsprogram.com/data and Access-Instructions page,2026-10-04,Not reported
TS-001,MIT-BIH Arrhythmia Database,Physiological/Time-Series,ecg,PhysioNet,https://physionet.org/content/mitdb/1.0.0/,https://physionet.org/content/mitdb/get-zip/1.0.0/ ; s3://physionet-open/mitdb/1.0.0/,10.13026/C2F305,Arrhythmia / beat classification,Two-channel ambulatory ECG,"WFDB: .dat, .hea, .atr annotations, .xws",48 half-hour recordings,47 subjects,2 channels @ 360 Hz; 30-min excerpts,Beat and rhythm annotations,Not reported,"Boston, USA (Beth Israel Hospital)",1975-1979,Ambulatory ECG; mixed inpatients (~60%) and outpatients (~40%),Not reported,"~110,000 beat-level annotations resolved by multiple cardiologists",Open Data Commons Attribution License v1.0,open,None; must conform to license terms (PhysioNet open access),"ZIP (73.5 MB), wget -r -N -c -np, AWS S3 sync --no-sign-request",1.0.0,"Moody GB, Mark RG. The impact of the MIT-BIH Arrhythmia Database. IEEE Eng Med Biol 20(3):45-50 (2001) + PhysioNet standard citation (Pollard et al., Nature Health 2026, doi:10.1038/s44360-026-00096-z)",SHA256SUMS.txt at https://physionet.org/files/mitdb/1.0.0/SHA256SUMS.txt,Small cohort (47 subjects); 1975-1979 recordings. Assessment: older single-centre data.,Not reported,access_verified,Parsed,WebFetch of PhysioNet project landing page,2026-10-04,104.3 MB uncompressed (ZIP 73.5 MB)
TS-002,"PTB-XL, a large publicly available electrocardiography dataset",Physiological/Time-Series,ecg,PhysioNet,https://physionet.org/content/ptb-xl/1.0.3/,https://physionet.org/files/ptb-xl/1.0.3/,10.13026/kfzx-aw45,12-lead ECG diagnostic classification,12-lead ECG,"WFDB (.dat/.hea, 16-bit); CSV metadata (ptbxl_database.csv, scp_statements.csv)","21,799 ECG records (10 s each)","18,869 patients",12 leads @ 500 Hz (100 Hz downsampled copy); 10 s,71 SCP-ECG statements (diagnostic/form/rhythm),"Superclasses: NORM 9,514; MI 5,469; STTC 5,235; CD 4,898; HYP 2,649 (multi-label)",Germany (PTB),October 1989 - June 1996,Schiller AG devices; curated by Physikalisch-Technische Bundesanstalt,Not reported,"SCP-ECG statements; signal-quality metadata (noise, baseline drift); 10 stratified patient-wise folds (folds 9-10 human-evaluated; recommended 1-8 train, 9 val, 10 test)",CC BY 4.0,open,None; must conform to license terms (PhysioNet open access),File browser / wget from PhysioNet files directory,"1.0.3 (latest, published 2022-11-09)","Wagner P et al. PTB-XL, a large publicly available electrocardiography dataset. Sci Data 2020, doi:10.1038/s41597-020-0495-6 + PhysioNet standard citation (Pollard et al., Nature Health 2026, doi:10.1038/s44360-026-00096-z)",SHA256SUMS.txt at https://physionet.org/files/ptb-xl/1.0.3/SHA256SUMS.txt,Not reported,Not reported,access_verified,Access verified,WebFetch of PhysioNet project landing page,2026-10-04,3.0 GB uncompressed
TS-003,PTB Diagnostic ECG Database,Physiological/Time-Series,ecg,PhysioNet,https://physionet.org/content/ptbdb/1.0.0/,https://physionet.org/files/ptbdb/1.0.0/ ; s3://physionet-open/ptbdb/1.0.0/,10.13026/C28C71,Diagnostic ECG classification (e.g. myocardial infarction),12-lead ECG + 3 Frank XYZ leads,"WFDB (.hea with clinical summaries, signal files)",549 records,"290 subjects (aged 17-87, mean 57.2)",15 signals (12 leads + 3 Frank) @ 1000 Hz (10 kHz on request),Diagnostic class,268 subjects with summaries: MI 148; cardiomyopathy/HF 18; BBB 15; dysrhythmia 14; hypertrophy 7; valvular 6; myocarditis 4; misc 4; healthy controls 52,"Berlin, Germany (University Clinic Benjamin Franklin)",Not reported,Recorded by Prof. Michael Oeff; provided by PTB (National Metrology Institute of Germany),Clinical summary unavailable for 22 subjects,Clinical summary (diagnosis etc.) in header files,Open Data Commons Attribution License v1.0,open,None; must conform to license terms (PhysioNet open access),"ZIP (1.7 GB), wget, AWS S3 sync --no-sign-request",1.0.0,"Bousseljot R et al. (1995), Biomedizinische Technik + PhysioNet standard citation (Pollard et al., Nature Health 2026, doi:10.1038/s44360-026-00096-z)",SHA256SUMS.txt at https://physionet.org/files/ptbdb/1.0.0/SHA256SUMS.txt,"Clinical summary missing for 22 subjects; subject numbers 124,132,134,161 absent. Assessment: MI-dominated class imbalance.",Not reported,access_verified,Access verified,WebFetch of PhysioNet project landing page,2026-10-04,1.7 GB uncompressed
TS-004,AF Classification from a Short Single Lead ECG Recording: The PhysioNet/Computing in Cardiology Challenge 2017,Physiological/Time-Series,ecg,PhysioNet,https://physionet.org/content/challenge-2017/1.0.0/,https://physionet.org/files/challenge-2017/1.0.0/,10.13026/d3hm-sf11,Atrial fibrillation / rhythm classification,Single-lead ECG (AliveCor handheld device),WFDB-compliant MATLAB V4 (.mat + .hea),"8,528 training recordings; 3,658 hidden test recordings",Not reported,1 lead @ 300 Hz; 9-61 s,Normal / AF / Other rhythm / Noisy,"Training: Normal 5,154; AF 771; Other 2,557; Noisy 46",Not reported,Not reported,AliveCor single-lead device recordings,Not reported,Expert manual rhythm classification,Open Data Commons Attribution License v1.0,open,None; must conform to license terms (PhysioNet open access),"ZIP, wget, AWS S3",1.0.0,"Clifford GD, Liu C, Moody B, et al. AF classification from a short single lead ECG recording: The PhysioNet/Computing in Cardiology Challenge 2017. Computing in Cardiology 2017",Not reported (SHA256SUMS.txt not seen on page),Labels from single expert (re-scoring noted); short recordings; test set hidden,Not reported,access_verified,Access verified,WebFetch of PhysioNet project landing page,2026-10-04,1.4 GB (as stated on page); training set ~94.6 MB
TS-005,CHB-MIT Scalp EEG Database,Physiological/Time-Series,eeg,PhysioNet,https://physionet.org/content/chbmit/1.0.0/,https://physionet.org/files/chbmit/1.0.0/,10.13026/C2K01R,Seizure detection / prediction,Scalp EEG (pediatric),EDF + .seizure annotation files + chbNN-summary.txt,664 EDF files (129 with seizures); 198 seizures,22 pediatric subjects (24 cases),"23 EEG channels (24-26 in some) @ 256 Hz, 16-bit, 10-20 system; files mostly 1 h (some 2-4 h)",Seizure onset/offset,Not reported,"Boston, USA (Children's Hospital Boston)",Not reported,Pediatric subjects with intractable seizures recorded at Children's Hospital Boston,Not reported,Seizure start/end times in .seizure files and per-case summary files,Open Data Commons Attribution License v1.0,open,None; must conform to license terms (PhysioNet open access),"ZIP (42.6 GB), wget, AWS S3",1.0.0,"Guttag J (2010). CHB-MIT Scalp EEG Database (v1.0.0). PhysioNet; plus Shoeb A, MIT PhD thesis 2009 + PhysioNet standard citation (Pollard et al., Nature Health 2026)",SHA256SUMS.txt at https://physionet.org/files/chbmit/1.0.0/SHA256SUMS.txt,"PHI replaced with surrogates; gaps (typically <=10 s) between consecutive files; single centre, 22 subjects",Not reported,access_verified,Access verified,WebFetch of PhysioNet project landing page,2026-10-04,42.6 GB uncompressed
TS-006,EEG Motor Movement/Imagery Dataset,Physiological/Time-Series,eeg,PhysioNet,https://physionet.org/content/eegmmidb/1.0.0/,https://physionet.org/files/eegmmidb/1.0.0/,10.13026/C28G6P,BCI motor movement/imagery classification,64-channel EEG (BCI2000),EDF+ with .event annotation files,"1,526 runs (109 subjects x 14 runs)",109 volunteers,"64 EEG channels @ 160 Hz, 10-10 system",Task events T0/T1/T2,Not reported,Not reported,Not reported,BCI2000; 2 baseline runs (1 min) + 12 task runs (2 min) of real/imagined fist/feet movement,Not reported,T0 rest; T1 left fist or both fists; T2 right fist or both feet (meaning depends on run),Open Data Commons Attribution License v1.0,open,None; must conform to license terms (PhysioNet open access),"ZIP (1.9 GB), wget, AWS S3",1.0.0,"Schalk G (2009). EEG Motor Movement/Imagery Dataset (v1.0.0). PhysioNet, doi:10.13026/C28G6P",SHA256SUMS.txt at https://physionet.org/files/eegmmidb/1.0.0/SHA256SUMS.txt,T1/T2 meanings differ by run type; must map via run number,Not reported,access_verified,Access verified,WebFetch of PhysioNet project landing page,2026-10-04,3.4 GB uncompressed (ZIP 1.9 GB)
TS-007,Sleep-EDF Database Expanded,Physiological/Time-Series,sleep,PhysioNet,https://physionet.org/content/sleep-edfx/1.0.0/,https://physionet.org/files/sleep-edfx/1.0.0/,10.13026/C2X676,Sleep staging,"Polysomnography (EEG, EOG, EMG)",EDF / EDF+ (PSG and hypnogram files),197 whole-night PSG recordings (SC 153; ST 44),SC: healthy Caucasians aged 25-101 (2 nights each); ST: 22 subjects,"EEG Fpz-Cz, Pz-Oz, EOG, chin EMG @ 100 Hz; resp/temp/event @ 1 Hz",Sleep stage hypnogram,Not reported,Not reported,SC 1987-1991; ST 1994,"SC: ~20 h PSG at home (2 nights per subject); ST: ~9 h hospital PSG over two nights, subjects with mild sleep-onset difficulty",Not reported,"Hypnograms W, R, 1, 2, 3, 4, M, ? per 1968 Rechtschaffen & Kales manual",Open Data Commons Attribution License v1.0,open,None; must conform to license terms (PhysioNet open access),"ZIP (8.1 GB), wget, AWS S3",1.0.0,"Kemp B et al. IEEE-BME 47(9):1185-1194 (2000) + PhysioNet standard citation (Pollard et al., Nature Health 2026, doi:10.1038/s44360-026-00096-z)",SHA256SUMS.txt at https://physionet.org/files/sleep-edfx/1.0.0/SHA256SUMS.txt,"Nights lost: subjects 36 & 52 first night, subject 13 second night",Not reported,access_verified,Access verified,WebFetch of PhysioNet project landing page,2026-10-04,8.1 GB uncompressed
TS-008,Temple University Hospital EEG Corpus (TUEG) and subsets,Physiological/Time-Series,eeg,"Neural Engineering Data Consortium (NEDC), Temple University",https://isip.piconepress.com/projects/nedc/html/tuh_eeg/,rsync over SSH after approval (credentials emailed); 8 TB USB drive option,Not reported,"Clinical EEG: abnormality, seizure, artifact, event, slowing, epilepsy detection",Clinical scalp EEG,EDF,"TUEG: 26,846 clinical EEG recordings",Not reported,Not reported,"Subset-dependent (TUAB, TUAR, TUEP, TUEV, TUSZ, TUSL labels)",Not reported,"Philadelphia, USA (Temple University Hospital)",2002-2017,Archival clinical EEG at TUH,Not reported,Not reported,Not reported (data use agreement form required),registration,Signed registration/DUA form emailed to help@nedcdata.org; approval ~24-48 h; SSH key,rsync via SSH keys; or mailed 8 TB USB drive,TUEG v2.0.2; TUAB v3.0.1; TUAR v3.0.1; TUEP v3.1.0; TUEV v2.0.1; TUSZ v2.0.6; TUSL v2.0.1,Not reported explicitly on page (journal paper and thesis references listed),Not reported,Sampling rates/channel counts not stated on landing page; single hospital,Not reported,access_verified,Access verified,WebFetch of NEDC TUH EEG landing page,2026-10-04,Not reported
TS-009,BIDMC PPG and Respiration Dataset,Physiological/Time-Series,spo2,PhysioNet,https://physionet.org/content/bidmc/1.0.0/,https://physionet.org/files/bidmc/1.0.0/,10.13026/C2208R,Respiratory rate estimation from PPG/ECG [spo2/respiration],"PPG, impedance respiration, ECG lead II, numerics (HR, RR, SpO2)","WFDB, CSV, MATLAB .mat",53 recordings x 8 min,53 recordings (critically ill patients),Waveforms @ 125 Hz; HR/RR/SpO2 @ 1 Hz,Breath annotations / respiratory rate,Not reported,"Boston, USA (Beth Israel Deaconess Medical Center)",Not reported,Extracted from MIMIC-II Matched Waveform Database (ICU),Not reported,Manual breath annotations by two independent annotators on impedance signal,Open Data Commons Attribution License v1.0,open,None; must conform to license terms (PhysioNet open access),"ZIP (207.8 MB), wget, AWS",1.0.0,"Pimentel MAF et al. IEEE Trans Biomed Eng 64(8):1914-1923 (2016), doi:10.1109/TBME.2016.2613124",SHA256SUMS.txt at https://physionet.org/files/bidmc/1.0.0/SHA256SUMS.txt,Small (53 x 8 min); single centre ICU,Not reported,access_verified,Parsed,WebFetch of PhysioNet project landing page,2026-10-04,207.7 MB uncompressed
TS-010,MIMIC-III Waveform Database Matched Subset,Physiological/Time-Series,icu_vitals,PhysioNet,https://physionet.org/content/mimic3wdb-matched/1.0/,https://physionet.org/files/mimic3wdb-matched/1.0/,10.13026/c2294b,ICU waveform analysis linked to clinical records,"Bedside monitor waveforms (ECG, ABP, respiration, PPG) + numerics (HR, SpO2, BP)","WFDB (.hea, .dat)","22,317 waveform records; 22,247 numerics records","10,282 distinct ICU patients",Multiple signals per record; sampling frequency not stated on page,None (linked to MIMIC-III v1.4 clinical data),Not reported,"Boston, USA (BIDMC)",Not reported,ICU bedside monitors; matched to MIMIC-III clinical records,Not reported,Not reported,Open Data Commons Open Database License v1.0,open,None; must conform to license terms (PhysioNet open access),"wget, AWS CLI, web file browser",1.0,"Moody B et al. MIMIC-III Waveform Database Matched Subset (v1.0), PhysioNet 2020; Johnson AEW et al. MIMIC-III, Sci Data 2016",SHA256SUMS.txt at https://physionet.org/files/mimic3wdb-matched/1.0/SHA256SUMS.txt,Only ~34-35% of waveform/numerics records could be matched to clinical records; linked clinical data (MIMIC-III) is credentialed,Not reported,access_verified,Access verified,WebFetch of PhysioNet project landing page,2026-10-04,2.4 TB uncompressed
TS-011,MIMIC-IV Waveform Database,Physiological/Time-Series,icu_vitals,PhysioNet,https://physionet.org/content/mimic4wdb/0.1.0/,https://physionet.org/files/mimic4wdb/0.1.0/,10.13026/a2mw-f949,ICU waveform analysis linked to MIMIC-IV,"ECG, PPG, respiration, invasive/non-invasive BP",WFDB signals; compressed CSV numerics,200 records,198 patients,Not reported (multiple signals per record),None (linkable via subject_id/hadm_id),Not reported,"Boston, USA (BIDMC)",Not reported,ICU bedside monitors,Not reported,Not reported,Open Data Commons Open Database License v1.0,open,None; must conform to license terms (PhysioNet open access),"wget, AWS CLI","0.1.0 (latest, 2022-07-10)","Moody B et al. MIMIC-IV Waveform Database (v0.1.0), PhysioNet 2022, doi:10.13026/a2mw-f949",SHA256SUMS.txt at https://physionet.org/files/mimic4wdb/0.1.0/SHA256SUMS.txt,v0.1.0 is a technical preview ahead of v1.0.0; only 200 records; single centre,Not reported,access_verified,Access verified,WebFetch of PhysioNet project landing page,2026-10-04,12.8 GB uncompressed
TS-012,WESAD (Wearable Stress and Affect Detection),Physiological/Time-Series,wearable,UCI Machine Learning Repository,https://archive.ics.uci.edu/dataset/465/wesad+wearable+stress+and+affect+detection,Linked external dataset homepage (per UCI page); ucimlrepo package,10.24432/C57K5T,Stress and affect detection,"Chest RespiBAN (ECG, EDA, EMG, resp, temp, ACC) + wrist Empatica E4 (BVP, EDA, temp, ACC)",Not reported,"63,000,000 instances",15 subjects,"RespiBAN @ 700 Hz; E4 BVP 64 Hz, EDA 4 Hz, TEMP 4 Hz, ACC 32 Hz","Affective state: neutral, stress, amusement",Not reported,Not reported,Not reported,Lab study; self-report questionnaires included,No missing values (per UCI),Not reported,Not reported on UCI page (refers to linked dataset for licensing),unknown,See linked dataset homepage for terms,Via linked homepage,Not reported,"Schmidt P, Reiss A. WESAD (Wearable Stress and Affect Detection) [Dataset]. UCI 2018, doi:10.24432/C57K5T",Not reported,"15 subjects, lab setting; license not stated on UCI page",Not reported,source_verified,Source verified,WebFetch of UCI landing page (UCI API endpoint returned unrelated dataset id 45),2026-10-04,Not reported
TS-013,PPG-DaLiA,Physiological/Time-Series,wearable,UCI Machine Learning Repository,https://archive.ics.uci.edu/dataset/495/ppg+dalia,https://archive.ics.uci.edu/static/public/495/ppg+dalia.zip,10.24432/C53890,PPG-based heart rate estimation under motion,"Chest RespiBAN (ECG, resp, ACC) + wrist Empatica E4 (BVP, EDA, temp, ACC)",ZIP archive + readme.pdf,"8,300,000 instances",15 subjects,"RespiBAN @ 700 Hz; E4 BVP 64 Hz, EDA 4 Hz, TEMP 4 Hz, ACC 32 Hz",Heart rate (ground truth from ECG),Not reported,Not reported,Not reported,Daily-life activities protocol,No missing values (per UCI),Not reported,CC BY 4.0,open,None,Direct ZIP download / ucimlrepo,Donated 2019-07-29,"Reiss A, Indlekofer I, Schmidt P. PPG-DaLiA [Dataset]. UCI 2019, doi:10.24432/C53890",Not reported,15 subjects,Not reported,access_verified,Access verified,WebFetch of UCI landing page (UCI API endpoint returned unrelated dataset id 45),2026-10-04,2.7 GB (data.zip) + 798.6 KB readme.pdf
TS-014,Apnea-ECG Database,Physiological/Time-Series,sleep,PhysioNet,https://physionet.org/content/apnea-ecg/1.0.0/,https://physionet.org/files/apnea-ecg/1.0.0/,10.13026/C23W2R,Sleep apnea detection from ECG [sleep/ecg],Single-channel ECG (+ respiration/SpO2 for 8 records),"WFDB .dat (16-bit), .hea, .apn, .qrs","70 recordings (35 learning a/b/c, 35 test x01-x35)",Not reported,ECG @ 100 Hz; ~7-10 h per recording; 4 extra signals in 8 records,Per-minute apnea presence/absence,Not reported,Not reported,Not reported,Not reported,Not reported,"Minute-by-minute apnea annotations (.apn, learning set); machine QRS (.qrs, unaudited)",Open Data Commons Attribution License v1.0,open,None; must conform to license terms (PhysioNet open access),"ZIP, wget, AWS S3",1.0.0,"Penzel T, Moody GB, Mark RG, Goldberger AL, Peter JH. The Apnea-ECG Database. Computers in Cardiology 2000;27:255-258 + PhysioNet standard citation (Pollard et al., Nature Health 2026, doi:10.1038/s44360-026-00096-z)",SHA256SUMS.txt at https://physionet.org/files/apnea-ecg/1.0.0/SHA256SUMS.txt,.qrs files unaudited and contain errors; c05 and c06 derive from same recording,Not reported,access_verified,Access verified,WebFetch of PhysioNet project landing page,2026-10-04,580.6 MB uncompressed
TS-015,CAP Sleep Database,Physiological/Time-Series,sleep,PhysioNet,https://physionet.org/content/capslpdb/1.0.0/,https://physionet.org/files/capslpdb/1.0.0/,10.13026/C2VC79,Sleep staging; cyclic alternating pattern detection; sleep disorder analysis,Polysomnography,EDF; .txt (REMlogic) and .st annotations,108 recordings,Not reported (108 recordings),">=3 EEG + EOG, chin/tibial EMG, airflow, resp effort, SaO2, ECG",Sleep stages and CAP phases,Healthy 16; NFLE 40; RBD 22; PLM 10; insomnia 9; narcolepsy 5; SDB 4; bruxism 2,"Parma, Italy (Ospedale Maggiore)",Not reported,Not reported,Not reported,R&K sleep stages; CAP phase A subtypes A1/A2/A3,Open Data Commons Attribution License v1.0,open,None; must conform to license terms (PhysioNet open access),"ZIP (40.1 GB), wget, AWS S3",1.0.0,"Terzano MG et al. Sleep Med 2001;2(6):537-553 + PhysioNet standard citation (Pollard et al., Nature Health 2026, doi:10.1038/s44360-026-00096-z)",SHA256SUMS.txt at https://physionet.org/files/capslpdb/1.0.0/SHA256SUMS.txt,Single centre; small disorder subgroups,Not reported,access_verified,Access verified,WebFetch of PhysioNet project landing page,2026-10-04,40.1 GB uncompressed
TS-016,Cuff-Less Blood Pressure Estimation,Physiological/Time-Series,blood_pressure,UCI Machine Learning Repository,https://archive.ics.uci.edu/dataset/340/cuff+less+blood+pressure+estimation,UCI dataset page download (Part_1-4.mat),10.24432/C5B602,Cuff-less blood pressure estimation from PPG/ECG,"PPG (fingertip), invasive ABP (mmHg), ECG","MATLAB v7.3 .mat (cell arrays, 4 parts)","12,000 instances",Not reported,"3 channels (PPG, ABP, ECG) @ 125 Hz",Blood pressure (from ABP),Not reported,Not reported,Not reported,Preprocessed signals derived from PhysioNet raw signals,Has missing values: Yes (per UCI),Not reported,CC BY 4.0,open,None,Direct download from UCI,Donated 2015-07-26,"Kachuee M, Kiani MM, Mohammadzade H, Shabany M. Cuff-less high-accuracy calibration-free blood pressure estimation using pulse transit time. ISCAS 2015",Not reported,Subject count not reported; derived from PhysioNet (MIMIC-II) data. Assessment: records may not be subject-independent.,Not reported,access_verified,Access verified,WebFetch of UCI landing page (UCI API endpoint returned unrelated dataset id 45),2026-10-04,"3.1 GB (Part_1 811.9 MB, Part_2 928.3 MB, Part_3 685.4 MB, Part_4 827 MB)"
TS-017,Non-EEG Dataset for Assessment of Neurological Status,Physiological/Time-Series,wearable,PhysioNet,https://physionet.org/content/noneeg/1.0.0/,https://physionet.org/files/noneeg/1.0.0/,10.13026/C26Q2Z,Stress / neurological status classification,"Wrist biosensors: EDA, temperature, 3-axis ACC, HR, SpO2",WFDB (2 records per subject) + annotations; subjectinfo.csv,40 records (2 per subject),20 healthy subjects,5 signal types; sampling frequencies not stated on page,Protocol stage (relax/physical/cognitive/emotional stress),Not reported,"Dallas, USA (UT Dallas)",Not reported,"7-stage protocol: relax, treadmill, relax, math+Stroop, relax, horror film, relax",Not reported,Transition-state annotation per subject,Open Data Commons Attribution License v1.0,open,None; must conform to license terms (PhysioNet open access),"ZIP, wget, AWS CLI",1.0.0,"Birjandtalab J et al. A Non-EEG Biosignals Dataset for Assessment and Visualization of Neurological Status. IEEE SiPS 2016, pp.110-114",SHA256SUMS.txt at https://physionet.org/files/noneeg/1.0.0/SHA256SUMS.txt,20 healthy subjects only,Not reported,access_verified,Parsed,WebFetch of PhysioNet project landing page,2026-10-04,3.7 MB uncompressed
TS-018,Icentia11k Single Lead Continuous Raw Electrocardiogram Dataset,Physiological/Time-Series,ecg,PhysioNet,https://physionet.org/content/icentia11k-continuous-ecg/1.0/,https://physionet.org/files/icentia11k-continuous-ecg/1.0/,10.13026/kk0v-r952,Beat and rhythm classification; ECG representation learning,"Single-lead continuous ECG (CardioSTAT, modified lead I)",WFDB,"541,794 segments (~70 min each, 1,048,577 samples)","11,000 patients","1 lead @ 250 Hz, 16-bit; up to 2 weeks per patient","Beat (N, S, V, Q) and rhythm (NSR, AFib, AFlutter) labels","2,774,054,987 labeled beats (per-class counts not quoted)","Ontario, Canada",2017-2018,CardioSTAT patch; patients mean age 62.2 +/- 17.4,Not reported,"20 technologists, full-disclosure analysis with senior approval",CC BY-NC-SA 4.0,open,None; must conform to license terms (PhysioNet open access),"ZIP (188.3 GB), wget, AWS S3",1.0,"Tan et al. (2022). Icentia11k Single Lead Continuous Raw Electrocardiogram Dataset (v1.0). PhysioNet, doi:10.13026/kk0v-r952",SHA256SUMS.txt at https://physionet.org/files/icentia11k-continuous-ecg/1.0/SHA256SUMS.txt,"Non-commercial license; patients mostly referred for cardiac evaluation, arrhythmia-enriched",Not reported,access_verified,Access verified,WebFetch of PhysioNet project landing page,2026-10-04,1.1 TB uncompressed (ZIP 188.3 GB)
TS-019,Early Prediction of Sepsis from Clinical Data: The PhysioNet/Computing in Cardiology Challenge 2019,Physiological/Time-Series,icu_vitals,PhysioNet,https://physionet.org/content/challenge-2019/1.0.0/,https://physionet.org/files/challenge-2019/1.0.0/,10.13026/v64v-d857,Early sepsis prediction,"Hourly ICU vitals, labs, demographics (tabular time series)",Pipe-delimited .psv (one per patient),"40,336 patient files (set A 20,336; set B 20,000)","40,336 patients","40 variables: 8 vitals, 26 labs, 6 demographics",SepsisLabel (Sepsis-3; shifted 6 h earlier),Not reported,Not reported,Not reported,ICU data from 3 hospital systems (2 public; 1 hidden for scoring),Missing values represented as NaN,Not reported,CC BY 4.0,open,None; must conform to license terms (PhysioNet open access),"wget, AWS S3 --no-sign-request",1.0.0,"Reyna MA et al. Early Prediction of Sepsis From Clinical Data: the PhysioNet/Computing in Cardiology Challenge 2019. Crit Care Med 48(2):210-217 + PhysioNet standard citation (Pollard et al., Nature Health 2026, doi:10.1038/s44360-026-00096-z)",SHA256SUMS.txt at https://physionet.org/files/challenge-2019/1.0.0/SHA256SUMS.txt,Third hospital test set not public; heavy missingness,Not reported,access_verified,Access verified,WebFetch of PhysioNet project landing page,2026-10-04,Page lists 327.3 KB uncompressed (Assessment: likely excludes training zip archives)
TS-020,A Wearable Exam Stress Dataset for Predicting Cognitive Performance in Real-World Settings,Physiological/Time-Series,wearable,PhysioNet,https://physionet.org/content/wearable-exam-stress/1.0.0/,https://physionet.org/files/wearable-exam-stress/1.0.0/,10.13026/kvkb-aj90,Stress / cognitive performance prediction,"Empatica E4: EDA, HR, BVP, skin temp, IBI, ACC","CSV (ACC, BVP, EDA, HR, IBI, TEMP, tags) + info.txt",30 sessions (10 students x 3 exams),"10 participants (2 F, 8 M)",6 E4 signals; sampling rates in per-participant info.txt,Exam grades,Not reported,"Houston, USA (University of Houston)",Not reported,"Real-world exams: Midterm 1, Midterm 2, Final",Not reported,Not reported,Open Data Commons Attribution License v1.0,open,None; must conform to license terms (PhysioNet open access),"ZIP (82.0 MB), wget, AWS CLI",1.0.0 (latest),"Amin MR, Wickramasuriya D, Faghih RT. A Wearable Exam Stress Dataset... PhysioNet 2022, doi:10.13026/kvkb-aj90",SHA256SUMS.txt at https://physionet.org/files/wearable-exam-stress/1.0.0/SHA256SUMS.txt,Small sample; motion artifacts; real-world variability,Not reported,access_verified,Parsed,WebFetch of PhysioNet project landing page,2026-10-04,82.1 MB uncompressed
