Dataset ID,Dataset Name,Category,Subcategory,Repository,Canonical URL,DOI,Modality,Sample Count,Feature Count,Target,File Format,License,Access Requirements,Download Method,Dataset Version,Classical ML Suitability,QML Suitability,Verification Status,Limitations,Citation
BIO-001,Molecular Biology (Splice-junction Gene Sequences),Biomedical/Molecular,genomics,UCI Machine Learning Repository (id 69),https://archive.ics.uci.edu/dataset/69/molecular+biology+splice+junction+gene+sequences,10.24432/C5M888,Primate DNA sequence windows,"3,190 instances","60 categorical features (Base1-Base60, positions -30 to +30)","class: n (neither), ei (exon/intron), ie (intron/exon)","splice.data (text, comma-separated), splice.names, splice.theory, .Z archive",CC BY 4.0,Open (no login),Direct ZIP download from UCI,Donated 1991-12-31,High: sequence benchmark; one-hot of 60 nucleotides,Medium: one-hot gives 240 binary features; needs k-mer counts or PCA to 8-10 qubits,Preprocessing validated,"3,190 rows; 60-nt fixed windows; primate only; ambiguity codes present. Assessment: legacy benchmark, small by modern genomics standards.",Molecular Biology (Splice-junction Gene Sequences) [Dataset]. (1991). UCI Machine Learning Repository. https://doi.org/10.24432/C5M888
BIO-002,Molecular Biology (Promoter Gene Sequences),Biomedical/Molecular,genomics,UCI Machine Learning Repository (id 67),https://archive.ics.uci.edu/dataset/67/molecular+biology+promoter+gene+sequences,10.24432/C5S01D,E. coli DNA sequences,106 instances,57 nominal features (positions p-50 to p+7),Class {+/-}; '+' = promoter,"promoters.data (text), promoters.names, promoters.theory",CC BY 4.0,Open (no login),Direct ZIP download from UCI,Donated 1990-06-29,Low-Medium: only 106 samples,"Medium: tiny n; useful as a toy for basis/sequence encodings, not for claims",Preprocessing validated,Only 106 instances; single organism (E. coli). Leave-one-out results reported (KBANN 4/106 errors).,"Harley, C., Reynolds, R., & Noordewier, M. (1987). UCI Machine Learning Repository. https://doi.org/10.24432/C5S01D; see Towell, Shavlik & Noordewier (1990)"
BIO-003,gene expression cancer RNA-Seq,Biomedical/Molecular,transcriptomics,UCI Machine Learning Repository (id 401),https://archive.ics.uci.edu/dataset/401/gene+expression+cancer+rna+seq,10.24432/C5R88H,RNA-Seq gene expression (Illumina HiSeq),801 instances,"20,531 real-valued features (gene_XX placeholders)","Tumour type: BRCA, KIRC, COAD, LUAD, PRAD","TCGA-PANCAN-HiSeq-801x20531.tar.gz (tabular, samples row-wise)",CC BY 4.0,Open (no login),Direct ZIP download from UCI,Donated 2016-06-08,"High: p >> n, classical models already near ceiling","Medium: requires aggressive in-fold reduction (variance filter -> PCA-8); amplitude encoding of 20,531 features needs 15 qubits but exponential state prep",Parsed,Gene names anonymised (gene_XX); 5 tumour types only; derived subset of TCGA PANCAN.,"Fiorini, S. (2016). gene expression cancer RNA-Seq [Dataset]. UCI Machine Learning Repository. https://doi.org/10.24432/C5R88H"
BIO-004,NCBI Gene Expression Omnibus (GEO),Biomedical/Molecular,transcriptomics,NCBI,https://www.ncbi.nlm.nih.gov/geo/,Not reported,Gene expression / functional genomics,"8,982,822 records in Entrez 'gds' (GEO DataSets) database, lastupdate 2026/08/04 (E-utilities EInfo)",Varies per series,Varies per series,Not verified (landing page behind browser check),Not verified,Open (no login): Not verified,Entrez E-utilities API (einfo confirmed); other methods not verified,EInfo lastupdate 2026/08/04 20:52,High for task-specific benchmarks; database resources need task definition first,Low-Medium: molecules/sequences need fingerprints or descriptors reduced to 8-12 features; no tabular view defined yet,Source verified,"GEO landing pages returned a reCAPTCHA browser check; only the E-utilities metadata endpoint was readable. The gds count mixes record types (series, samples, platforms, datasets). Assessment: heterogeneous; needs per-series curation.",Not verified
BIO-005,NCI Genomic Data Commons (GDC) incl. TCGA,Biomedical/Molecular,genomics,NCI GDC,https://portal.gdc.cancer.gov/,Not reported,"Genomic sequencing, RNA-Seq, variants (MAF), CNV, clinical, biospecimen","1,337,360 files; 50,571 cases; 93 projects (GDC API pagination totals, Data Release 46.0, 2026-08-10)",Varies,Varies,"BAM, MAF, clinical supplements and others (from release notes); full list not reported on pages fetched",Not reported (GDC 'Data Access Policies' referenced but not quoted),"Controlled access (application / DUA approval): Open tier: no authentication. Controlled tier (low-level sequence data, germline variants, SNP6 genotypes, some clinical): eRA Commons login + dbGaP authorization",GDC Data Portal; GDC Data Transfer Tool (manifest + token); GDC API,Data Release 46.0 (2026-08-10),High for task-specific benchmarks; database resources need task definition first; access must be obtained first,Low-Medium: molecules/sequences need fingerprints or descriptors reduced to 8-12 features; no tabular view defined yet,Access verified,"Mixed open/controlled tiers; 'all tumor-only variants are controlled-access' (release notes). Counts cover all GDC projects, not TCGA alone.",Not reported
BIO-006,UniProtKB/Swiss-Prot,Biomedical/Molecular,proteomics,UniProt Consortium,https://www.uniprot.org/,Not reported,Protein sequences + annotation,"575,748 sequence entries (Release 2026_03, 02-Sep-2026)","209,017,843 amino acids; curated from 313,807 unique references",N/A (reference database),JSON via REST API (confirmed); FASTA/flat file not confirmed on pages fetched,CC BY 4.0 ('applied to all copyrightable parts of our databases'),Open (no login),REST API (rest.uniprot.org); FTP not reachable for verification,2026_03 (02-Sep-2026),High for task-specific benchmarks; database resources need task definition first,Low-Medium: molecules/sequences need fingerprints or descriptors reduced to 8-12 features; no tabular view defined yet,Access verified,Assessment: reviewed subset only; TrEMBL (unreviewed) not covered here.,See https://www.uniprot.org/help/publications (not fetched)
BIO-007,RCSB Protein Data Bank (PDB),Biomedical/Molecular,protein_structures,RCSB PDB (wwPDB member),https://www.rcsb.org/,Not reported,3D macromolecular structures,Not verified (statistics pages rendered without counts),N/A,N/A,"PDBx/mmCIF, legacy PDB, BinaryCIF, PDBML/XML; FASTA sequences; structure factors, NMR restraints, maps, validation reports",CC0 1.0 Universal (data files and API data),Open (no login),"HTTPS (files.wwpdb.org / files.rcsb.org), rsync; FTP no longer supported",Weekly releases (not quoted); version not reported,High for task-specific benchmarks; database resources need task definition first,Low-Medium: molecules/sequences need fingerprints or descriptors reduced to 8-12 features; no tabular view defined yet,Access verified,Entry count could not be retrieved (search API GET returned 400/URL too long).,Users encouraged to attribute original structure authors
BIO-008,AlphaFold Protein Structure Database,Biomedical/Molecular,protein_structures,EMBL-EBI / Google DeepMind,https://alphafold.ebi.ac.uk/,Not reported,Predicted 3D protein structures,"'over 260 million protein structure predictions' (homepage, fetched 2026-10-04)",N/A,N/A,"PDB (.gz), mmCIF (.gz), PAE JSON; per-proteome .tar archives",CC-BY-4.0 (academic and commercial use),Open (no login),"FTP/HTTPS bulk by proteome (48 model organisms, global health, Swiss-Prot); per-entry download; API",Not reported,High for task-specific benchmarks; database resources need task definition first,Low-Medium: molecules/sequences need fingerprints or descriptors reduced to 8-12 features; no tabular view defined yet,Access verified,"Proteins >2700 aa split into overlapping 1400-aa fragments. Predictions, not experimental structures.","Bertoni D. et al. AlphaFold Protein Structure Database 2025, Nucleic Acids Research (2025); download page also cites Fleming J. et al. (2025)"
BIO-009,BindingDB,Biomedical/Molecular,drug_target,BindingDB (UC San Diego Skaggs School of Pharmacy),https://www.bindingdb.org/,Not reported,Small molecules + protein targets + affinity measurements,3.2M data for 1.4M compounds and 11.5K targets (as of 2026-08-22); curated: 1.6M data / 772K compounds / 4.8K targets,Not reported,Binding affinity measurements,"TSV (one row per measurement, includes SMILES), 2D/3D SDF, MySQL dump",Not reported,Open (no login),Direct downloads (TSV/SDF/MySQL); monthly updates; quarterly archives at UC San Diego Library,Release 202610 (2026-10-01),High for task-specific benchmarks; database resources need task definition first,Low-Medium: molecules/sequences need fingerprints or descriptors reduced to 8-12 features; no tabular view defined yet,Access verified,License not stated on pages fetched.,Not reported
BIO-010,ChEMBL,Biomedical/Molecular,drug_target,EMBL-EBI,https://www.ebi.ac.uk/chembl/,Not reported,"Compounds, bioassay activities, targets","24,527,044 activities; 2,921,148 distinct compounds; 3,824,604 compound records; 18,552 targets; 101,100 publications (ChEMBL_37, 2026-05-01)",N/A,Bioactivity values,JSON via REST API (confirmed); dump formats not reported on page,CC BY-SA 3.0 Unported,Open (no login),REST API; bulk downloads not listed on page fetched,ChEMBL_37 (2026-05-01),High for task-specific benchmarks; database resources need task definition first,Low-Medium: molecules/sequences need fingerprints or descriptors reduced to 8-12 features; no tabular view defined yet,Access verified,Assessment: activity values heterogeneous across assay types.,"The ChEMBL Database in 2023, Nucleic Acids Res. 2023; doi:10.1093/nar/gkad1004"
BIO-011,DrugBank,Biomedical/Molecular,drug_target,DrugBank (OMx),https://go.drugbank.com/,Not reported,"Drugs, targets, structures, protein sequences","19,872 drugs (15,505 small molecule; 4,367 biotech; 4,805 approved); 24,329 drug-target associations across 5,162 unique targets (stats page, undated)",N/A,N/A,"XML (full DB, 204 MB), CSV, SDF (2D/3D), FASTA",Academic: CC BY-NC 4.0; Open Data subset: CC0; commercial use requires paid licence,Registration / click-through terms: Account + academic licence approval for non-commercial research; 'All Academic DrugBank dataset downloads are temporarily paused',Release downloads (currently 'Temporarily unavailable'),5.1.22 (2026-06-27),High for task-specific benchmarks; database resources need task definition first; access must be obtained first,Low-Medium: molecules/sequences need fingerprints or descriptors reduced to 8-12 features; no tabular view defined yet,Access verified,Academic downloads paused as of fetch; non-commercial licence for full DB.,Not reported (citation guidance referenced on releases page)
BIO-012,"MoleculeNet (Tox21, BBBP, HIV, etc.)",Biomedical/Molecular,molecular,MoleculeNet / DeepChem,https://moleculenet.org/datasets-1,10.1039/c7sc02664a,Small molecules,"Per paper Table 1: Tox21 8,014; BBBP 2,053; HIV 41,913; ClinTox 1,491; SIDER 1,427; BACE 1,522; ToxCast 8,615; ESOL 1,128; FreeSolv 643; Lipophilicity 4,200; PCBA 439,863; MUV 93,127; QM9 133,885 compounds","Tasks: Tox21 12, ToxCast 617, SIDER 27, PCBA 128, MUV 17, ClinTox 2, QM9 12, others 1",Per dataset (binary toxicity/activity labels or regression),SMILES (all); 3D coordinates for QM7/QM8/QM9/PDBbind,Not reported for data (article: CC BY-NC 3.0 Unported),Open (no login),DeepChem molnet loaders,Not reported,High for task-specific benchmarks; database resources need task definition first,Low-Medium: molecules/sequences need fingerprints or descriptors reduced to 8-12 features; no tabular view defined yet,Source verified,"moleculenet.org root returned 404; dataset licence not stated. Assessment: some sets (Tox21, PDBbind, QM9) are redistributions of upstream data with own terms.","Wu Z, Ramsundar B, et al. MoleculeNet: A Benchmark for Molecular Machine Learning. Chem. Sci. 2018 (pub. 2017-10-31). doi:10.1039/c7sc02664a; arXiv:1703.00564"
BIO-013,QM9 (Quantum chemistry structures and properties of 134 kilo molecules),Biomedical/Molecular,molecular,figshare,https://doi.org/10.6084/m9.figshare.c.978904.v5,10.6084/m9.figshare.c.978904.v5,"Small organic molecules (C, H, O, N, F; up to 9 heavy atoms)","133,885 GDB-9 molecules; plus 6,095 constitutional isomers of C7H10O2 (G4MP2)","Geometric, energetic, electronic, thermodynamic properties (B3LYP/6-31G(2df,p))","Quantum properties (e.g., atomization energies, HOMO/LUMO, dipole moment, polarizability)","Extended XYZ (coordinates, properties in comment line, Mulliken charges, harmonic frequencies, SMILES, InChI)",Nature article page states CC BY-NC-SA 4.0 for article and data (figshare metadata: not reported),Open (no login),figshare collection file download,v5 (published 2019-06-18),High for task-specific benchmarks; database resources need task definition first,Low-Medium: molecules/sequences need fingerprints or descriptors reduced to 8-12 features; no tabular view defined yet,Access verified,"Computed (not experimental) properties; only CHONF, ≤9 heavy atoms; 3,054 uncharacterized molecules.","Ramakrishnan R, Dral PO, Rupp M, von Lilienfeld OA. Quantum chemistry structures and properties of 134 kilo molecules. Sci Data 1, 140022 (2014). doi:10.1038/sdata.2014.22"
BIO-014,Therapeutics Data Commons (TDC),Biomedical/Molecular,drug_target,TDC (tdcommons.ai),https://tdcommons.ai/,Not reported,"Small molecules, proteins, antibodies, peptides, clinical trials, etc.",22 ML tasks listed on overview page (dataset count not reported),N/A,Per task,Loaded via PyTDC (pandas DataFrames); representations incl. SMILES and amino-acid sequences,"Not reported on overview; per-dataset (e.g., DAVIS/KIBA: CC BY 4.0)",Open (no login),PyTDC Python package,Not reported,High for task-specific benchmarks; database resources need task definition first,Low-Medium: molecules/sequences need fingerprints or descriptors reduced to 8-12 features; no tabular view defined yet,Access verified,Licences vary per dataset.,"Huang K et al. Therapeutics Data Commons, NeurIPS 2021 (arXiv:2102.09548); Artificial Intelligence Foundation for Therapeutic Science, Nature Chemical Biology 2022"
BIO-015,PubChem,Biomedical/Molecular,molecular,NCBI,https://pubchem.ncbi.nlm.nih.gov/,Not reported,Small molecules + bioassay data,Not verified (statistics page is JavaScript-rendered),N/A,N/A,"CSV, JSON, JSONL, XML, RDF (docs/downloads page)",Not reported on pages fetched,Open (no login): Not verified,"Individual record downloads, PUG-REST, E-Utilities, FTP (per docs/downloads page)",Not reported,High for task-specific benchmarks; database resources need task definition first,Low-Medium: molecules/sequences need fingerprints or descriptors reduced to 8-12 features; no tabular view defined yet,Source verified,Pages are JS-rendered; counts and licence not captured.,Not reported
BIO-016,STRING protein-protein interaction networks,Biomedical/Molecular,pathways,STRING consortium,https://string-db.org/,Not reported,Protein interaction networks,"59,309,604 proteins from 12,535 organisms; 28,464,487,749 interactions (v12.5)",Interaction scores,N/A,Not verified (download page blocked),Creative Commons BY 4.0 ('All data and download files in STRING are freely available'),Open (no login),"Website, REST API, download page",12.5 (since 2026-09-29 per access page),High for task-specific benchmarks; database resources need task definition first,Low-Medium: molecules/sequences need fingerprints or descriptors reduced to 8-12 features; no tabular view defined yet,Access verified,Assessment: many interactions are predicted rather than experimental.,Not reported (refers to References section)
BIO-017,Reactome,Biomedical/Molecular,pathways,Reactome,https://reactome.org/,Not reported,"Pathways, reactions, proteins, small molecules",Not verified (statistics page content not rendered),N/A,N/A,"Neo4j graph DB, MySQL dumps, BioPAX Level 3, SBML L3v1, SBGN, GMT, TSV/TXT mapping files, PSI-MITAB, SVG/PNG, PDF",Data: CC0; illustrations/icons: CC BY 4.0; software: Apache 2.0,Open (no login),Direct downloads; quarterly releases since v89 on Zenodo,Release 97 (2026-06-30),High for task-specific benchmarks; database resources need task definition first,Low-Medium: molecules/sequences need fingerprints or descriptors reduced to 8-12 features; no tabular view defined yet,Access verified,Counts not captured.,Not reported (Cite Us section did not load)
BIO-018,KEGG,Biomedical/Molecular,pathways,Kanehisa Laboratories,https://www.kegg.jp/,Not reported,Pathways / genomes / chemicals,"587 pathway maps; 28,512 KOs; 67,452,901 genes; 19,662 compounds; 12,896 drugs; 11,951 organisms (statistics page, updated 2026/10/01-03)",N/A,N/A,Not reported,Copyright Kanehisa Laboratories; academic website use free; academic service providers need FTP academic subscription; non-academic use requires commercial licence (Pathway Solutions),Registration / click-through terms: FTP bulk requires paid subscription; commercial licence for non-academic use,Website (academic); FTP by subscription,Statistics as of 2026/10/02,High for task-specific benchmarks; database resources need task definition first; access must be obtained first,Low-Medium: molecules/sequences need fingerprints or descriptors reduced to 8-12 features; no tabular view defined yet,Access verified,Restrictive licensing for bulk/commercial use. kegg.jp/kegg/ returned too many redirects.,Not reported
BIO-019,Davis / KIBA drug-target affinity benchmarks (via TDC),Biomedical/Molecular,drug_target,Therapeutics Data Commons,https://tdcommons.ai/multi_pred_tasks/dti/,Not reported,Compound SMILES + target amino-acid sequences,"DAVIS: 25,772 DTI pairs, 68 drugs, 379 proteins; KIBA: 117,657 pairs, 2,068 drugs, 229 proteins (TDC v0.3.2 update)",N/A,DAVIS: binding affinity (page suggests log-transform to pKd etc.); KIBA: KIBA score,"PyTDC DataFrames (SMILES, protein sequences)",CC BY 4.0 (stated on TDC DTI page),Open (no login),PyTDC,TDC v0.3.2 update,High for task-specific benchmarks; database resources need task definition first,Low-Medium: molecules/sequences need fingerprints or descriptors reduced to 8-12 features; no tabular view defined yet,Access verified,Kinase-only targets. Assessment: page summary gave conflicting unit wording for DAVIS; original Davis study reports Kd.,"Davis M et al. Nat Biotechnol 29, 1046-1051 (2011); Tang J et al. J Chem Inf Model 2014;54(3):735-743; Huang K et al. DeepPurpose, Bioinformatics"
BIO-020,Tox21 Data Challenge 2014,Biomedical/Molecular,molecular,NCATS (tripod.nih.gov),https://tripod.nih.gov/tox21/challenge/,Not reported,Small molecules,"~10,000 compounds (Tox21 10K collection) training; separate independent test set",Chemical structure only,12 binary assay outcomes,"SDF, SMILES",Not reported,Open (no login): None stated,Direct downloads per assay (SDF/SMILES); test and final evaluation sets,2014 challenge (submissions 2014-08-18 to 2014-11-14; winners 2015-01-12),High for task-specific benchmarks; database resources need task definition first,Low-Medium: molecules/sequences need fingerprints or descriptors reduced to 8-12 features; no tabular view defined yet,Access verified,Licence not stated; exact per-split counts not on pages.,Not reported (special issue in Frontiers in Environmental Science mentioned)
CLN-001,Heart Disease,Clinical/Tabular,cardiovascular,UCI Machine Learning Repository,https://archive.ics.uci.edu/dataset/45,10.24432/C52P4X,Tabular,303 instances,13 features (subset of 14 used out of 76 attributes),"num: diagnosis of heart disease (angiographic disease status), integer 0 (no presence) to 4; usually binarised presence vs absence","Comma-delimited .data files (cleveland.data, hungarian.data, switzerland.data, long-beach-va.data, new.data); data.csv via API",CC BY 4.0 (Creative Commons Attribution 4.0 International),Open (no login): None (no login),Direct HTTPS download of zip from UCI landing page or ucimlrepo Python package,Not reported,"High: classic small benchmark; Cleveland subset only, missing values in ca/thal","High: 13 features fit 8 qubits after PCA/selection; very small n -> wide CIs, use repeated CV",Preprocessing validated,303 rows; only Cleveland subset widely used; 76 raw attributes but 14 used in published work,"Janosi, A., Steinbrunn, W., Pfisterer, M., & Detrano, R. (1989). Heart Disease [Dataset]. UCI ML Repository. https://doi.org/10.24432/C52P4X; intro paper Detrano et al. 1989, Am J Cardiol"
CLN-002,Pima Indians Diabetes (OpenML 'diabetes'),Clinical/Tabular,diabetes,OpenML,https://www.openml.org/d/37,Not reported,Tabular,768 instances,8 numeric attributes + class (NumberOfFeatures 9),class (tested_positive / tested_negative),ARFF (Parquet also provided),Public (OpenML licence field),Open (no login),"Direct download / OpenML API (openml-python, sklearn fetch_openml)",1 (uploaded 2014-04-06; status active),"High: small, well studied. Assessment: OpenML reports 0 missing values, but physiologically impossible zeros (e.g. glucose, BMI) likely encode missingness; inspect before imputing",High: 8 features map 1:1 to 8 qubits without reduction,Preprocessing validated,Original UCI URL https://archive.ics.uci.edu/ml/datasets/pima+indians+diabetes listed as original_data_url; UCI entry no longer listed. Assessment: zeros in glucose/BP/BMI etc. are known disguised missing values despite 0 reported missing,Smith et al. (1988) ADAP; OpenML citation link https://www.jair.org/index.php/jair/article/view/10129
CLN-003,Diabetes 130-US Hospitals for Years 1999-2008,Clinical/Tabular,diabetes,UCI Machine Learning Repository,https://archive.ics.uci.edu/dataset/296,10.24432/C5230J,Tabular,"101,766 instances (encounters)",47 features,Readmission (early readmission within 30 days of discharge),"CSV (diabetic_data.csv, IDS_mapping.csv)",CC BY 4.0 (Creative Commons Attribution 4.0 International),Open (no login): None (no login),Direct HTTPS download of zip from UCI landing page or ucimlrepo Python package,Not reported,"High: realistic EHR extract with many categorical codes. Assessment: multiple encounters per patient are possible, so split by patient identifier",Medium: needs stratified representative subsample (e.g. 2-5k) and heavy reduction; QSVM kernel cost O(n^2),Preprocessing validated,Encounter-level (patients can repeat); US only; data 1999-2008,"Clore, J., Cios, K., DeShazo, J., & Strack, B. (2014). Diabetes 130-US Hospitals for Years 1999-2008 [Dataset]. UCI. https://doi.org/10.24432/C5230J; Strack et al. 2014, BioMed Res Int 781670"
CLN-004,CDC Diabetes Health Indicators,Clinical/Tabular,diabetes,UCI Machine Learning Repository,https://archive.ics.uci.edu/dataset/891,10.24432/C53919,Tabular,"253,680 instances",21 features,Diabetes status: diabetes / pre-diabetes / healthy,Not reported,Not reported (UCI page: 'See linked dataset for licensing information'),Open (no login): None stated on UCI; license deferred to linked dataset,Via UCI page / ucimlrepo; Kaggle link https://www.kaggle.com/datasets/alexteboul/diabetes-health-indicators-dataset,Not reported,High: large survey-derived tabular set,Medium: subsample required; 21 mostly binary/ordinal features suit basis or angle encoding,Source verified,"Contains sensitive attributes (gender, income, education); license not stated on UCI; Assessment: self-reported survey labels",UCI DOI 10.24432/C53919; intro paper Burrows NR et al. (2017) MMWR
CLN-005,Early Stage Diabetes Risk Prediction,Clinical/Tabular,diabetes,UCI Machine Learning Repository,https://archive.ics.uci.edu/dataset/529,10.24432/C5VG8H,Tabular,520 instances,16 features,class: Positive / Negative,Not reported,CC BY 4.0 (Creative Commons Attribution 4.0 International),Open (no login): None (no login),Direct HTTPS download of zip from UCI landing page or ucimlrepo Python package,Not reported,Medium: small questionnaire data; mostly binary symptoms; risk of optimistic estimates,High: binary features suit basis encoding (16 qubits) or angle after selection to 8,Preprocessing validated,Single-centre; 520 rows; questionnaire-based,Early Stage Diabetes Risk Prediction [Dataset]. (2020). UCI. https://doi.org/10.24432/C5VG8H; Islam MMF et al. (2019)
CLN-006,Chronic Kidney Disease,Clinical/Tabular,kidney,UCI Machine Learning Repository,https://archive.ics.uci.edu/dataset/336,10.24432/C5G020,Tabular,400 instances,"24 features + class (11 numeric, 14 nominal incl. class)",class: ckd / notckd,ARFF in zip/rar,CC BY 4.0 (Creative Commons Attribution 4.0 International),Open (no login): None (no login),Direct HTTPS download of zip from UCI landing page or ucimlrepo Python package,Not reported,Medium: small; source documents missing values,High after imputation and reduction to 8,Integrity verified,400 rows; ~2-month collection window; site not stated on page,"Rubini, L., Soundarapandian, P., & Eswaran, P. (2015). Chronic Kidney Disease [Dataset]. UCI. https://doi.org/10.24432/C5G020"
CLN-007,ILPD (Indian Liver Patient Dataset),Clinical/Tabular,liver,UCI Machine Learning Repository,https://archive.ics.uci.edu/dataset/225,10.24432/C5D02C,Tabular,583 instances,10 features,Liver patient vs non-liver patient,CSV,CC BY 4.0 (Creative Commons Attribution 4.0 International),Open (no login): None (no login),Direct HTTPS download of zip from UCI landing page or ucimlrepo Python package,Not reported,Medium: small. Assessment: check label provenance and sex balance before use,High: 10 features -> 8 qubits,Preprocessing validated,583 rows; single region; sex imbalance (441 M / 142 F),"Ramana, B. & Venkateswarlu, N. ILPD [Dataset]. UCI. https://doi.org/10.24432/C5D02C; intro paper Straw I & Wu H (2022) BMJ Health Care Inform"
CLN-008,Hepatitis C Virus (HCV) data,Clinical/Tabular,liver,UCI Machine Learning Repository,https://archive.ics.uci.edu/dataset/571,10.24432/C5D612,Tabular,615 instances,12 features,"Category: Blood Donor, Suspect Blood Donor, Hepatitis, Fibrosis, Cirrhosis",CSV,CC BY 4.0 (Creative Commons Attribution 4.0 International),Open (no login): None (no login),Direct HTTPS download of zip from UCI landing page or ucimlrepo Python package,Not reported,Medium: small with rare classes,Medium: multi-class readout needs more qubits/measurements; consider binary donor vs disease,Preprocessing validated,615 rows; single institution,"Lichtinghagen R, Klawonn F, Hoffmann G. HCV data [Dataset]. UCI. https://doi.org/10.24432/C5D612; Hoffmann et al. (2018) J Lab Precis Med"
CLN-009,Breast Cancer Wisconsin (Diagnostic),Clinical/Tabular,cancer,UCI Machine Learning Repository,https://archive.ics.uci.edu/dataset/17,10.24432/C5DW2B,Tabular,569 instances,30 real-valued features (10 nuclear characteristics x mean/SE/worst),"Diagnosis (M = malignant, B = benign)","wdbc.data (CSV), wdbc.names",CC BY 4.0 (Creative Commons Attribution 4.0 International),Open (no login): None (no login),Direct HTTPS download of zip from UCI landing page or ucimlrepo Python package,Not reported,"High: clean, no missing values (measured), strong classical baselines",High: canonical QML benchmark; PCA-4..8 retains most variance; run completed on simulator (see experiments/results),Preprocessing validated,"569 rows; derived image features, not raw images","Wolberg, W., Mangasarian, O., Street, N., & Street, W. (1993). Breast Cancer Wisconsin (Diagnostic) [Dataset]. UCI. https://doi.org/10.24432/C5DW2B"
CLN-010,Heart Failure Clinical Records,Clinical/Tabular,cardiovascular,UCI Machine Learning Repository,https://archive.ics.uci.edu/dataset/519,10.24432/C5Z89R,Tabular,299 instances,12 features (13 clinical variables incl. DEATH_EVENT),DEATH_EVENT: patient died during follow-up period (boolean),CSV,CC BY 4.0 (Creative Commons Attribution 4.0 International),Open (no login): None (no login),Direct HTTPS download of zip from UCI landing page or ucimlrepo Python package,Not reported,Medium: very small; time variable can leak outcome (follow-up time) -> exclude 'time' for prediction,High: 11-12 features -> 8 qubits,Preprocessing validated,299 rows,Heart Failure Clinical Records [Dataset]. (2020). UCI. https://doi.org/10.24432/C5Z89R; Chicco D & Jurman G (2020) BMC Med Inform Decis Mak 20:16
CLN-011,Cervical Cancer (Risk Factors),Clinical/Tabular,cancer,UCI Machine Learning Repository,https://archive.ics.uci.edu/dataset/383,10.24432/C5Z310,Tabular,858 instances,36 features,"Four diagnostic targets: Hinselmann, Schiller, Cytology, Biopsy",CSV,CC BY 4.0 (Creative Commons Attribution 4.0 International),Open (no login): None (no login),Direct HTTPS download of zip from UCI landing page or ucimlrepo Python package,Not reported,Medium: source notes patients declined some questions (missing values),Low-Medium: missingness plus likely rare positives make small-sample QML unstable (assessment),Preprocessing validated,Single-centre; privacy-driven missingness,"Fernandes K, Cardoso JS, Fernandes J (2017) Transfer Learning with Partial Observability Applied to Cervical Cancer Screening, IbPRIA; UCI DOI 10.24432/C5Z310"
CLN-012,MIMIC-IV v3.1,Clinical/Tabular,icu,PhysioNet,https://physionet.org/content/mimiciv/3.1/,10.13026/kpb9-mt58 (v3.1); latest 10.13026/07hj-2a80,"Relational EHR tables (hosp, icu modules)","546,028 hospitalizations; 94,458 ICU stays (v3.0 statistics, v3.1 bug-fix release)",Not reported (multi-table relational),None (multi-purpose),Comma-delimited (CSV) files,PhysioNet Credentialed Health Data License 1.5.0,Credentialed access (training + DUA): PhysioNet credentialed user; CITI 'Data or Specimens Only Research' training; signed DUA,PhysioNet download after credentialing (Assessment: also cloud options; not verified),"3.1 (published October 11, 2024)",High where access is granted; multi-table EHR needs cohort definition and patient-level splits; access must be obtained first,Medium: only after cohort extraction into a compact tabular view with representative sampling,Access verified,Single-centre; v3.1 modified 8 tables vs v3.0 (bug fixes),"Johnson, A., Bulgarelli, L., Pollard, T., Gow, B., Moody, B., Horng, S., Celi, L. A., & Mark, R. (2024). MIMIC-IV (version 3.1). PhysioNet. https://doi.org/10.13026/kpb9-mt58"
CLN-013,MIMIC-IV Clinical Database Demo,Clinical/Tabular,icu,PhysioNet,https://physionet.org/content/mimic-iv-demo/2.2/,10.13026/dp1f-ex47,Relational EHR tables,Not reported,Not reported (multi-table),None,CSV (RFC 4180); also on Google BigQuery,Open Data Commons Open Database License v1.0 (ODbL),Open (no login): None; conform to license,ZIP or wget from PhysioNet; BigQuery,"2.2 (published January 31, 2023)",High where access is granted; multi-table EHR needs cohort definition and patient-level splits,Medium: only after cohort extraction into a compact tabular view with representative sampling,Parsed,Only 100 patients; no free-text notes,"Johnson, A., Bulgarelli, L., Pollard, T., Horng, S., Celi, L. A., & Mark, R. (2023). MIMIC-IV Clinical Database Demo (version 2.2). PhysioNet. https://doi.org/10.13026/dp1f-ex47"
CLN-014,eICU Collaborative Research Database,Clinical/Tabular,icu,PhysioNet,https://physionet.org/content/eicu-crd/2.0/,10.13026/C2WM1R,Relational ICU tables,"Over 200,000 patient unit encounters",Not reported (multi-table),None,"Relational database, multiple tables (format not stated on page)",PhysioNet Credentialed Health Data License 1.5.0,Credentialed access (training + DUA): Credentialed PhysioNet user; CITI Data or Specimens Only Research training; signed DUA,PhysioNet download after credentialing,"2.0 (published April 15, 2019)",High where access is granted; multi-table EHR needs cohort definition and patient-level splits; access must be obtained first,Medium: only after cohort extraction into a compact tabular view with representative sampling,Access verified,2014-2015 only; US only,"Pollard, T., Johnson, A., Raffa, J., Celi, L. A., Badawi, O., & Mark, R. (2019). eICU Collaborative Research Database (version 2.0). PhysioNet. https://doi.org/10.13026/C2WM1R; Pollard et al. Sci Data 2018"
CLN-015,Synthea synthetic patient data (SyntheticMass),Clinical/Tabular,ehr,Synthea / The MITRE Corporation,https://synthetichealth.github.io/synthea/,Not reported,Synthetic EHR records,'over a thousand sample patients' downloadable,Not applicable,None,"HL7 FHIR (R4, STU3, DSTU2), Bulk FHIR ndjson, C-CDA, CSV, CPCDS","Apache-2.0 (generator code, GitHub); sample data license not reported",Open (no login),Download sample patients from website or run generator,Not reported,High where access is granted; multi-table EHR needs cohort definition and patient-level splits,Medium: only after cohort extraction into a compact tabular view with representative sampling,Source verified,Synthetic data; not real patients,Not reported
CLN-016,SEER Research Data,Clinical/Tabular,cancer,"NCI Surveillance, Epidemiology, and End Results (SEER)",https://seer.cancer.gov/data/,Not reported,Registry tabular data,Not reported,Not reported,None (multi-purpose; vital status follow-up available),Accessed via SEER*Stat (see Comparison of Data Products page),Not reported (data use agreement terms on registration),"Registration / click-through terms: Research Data: valid email, registration, agree to terms, SEER*Stat account. Research Plus: eRA Commons/HHS account, supervisor/mentor",SEER*Stat software after registration,Latest release covering 1975-2023,High where access is granted; multi-table EHR needs cohort definition and patient-level splits; access must be obtained first,Medium: only after cohort extraction into a compact tabular view with representative sampling,Access verified,Research Data excludes some geography and diagnosis-timing detail,See SEER 'Suggested Citations' page
CLN-017,"Diabetes (Efron et al. 2004, LARS)",Clinical/Tabular,diabetes,scikit-learn (bundled); source NCSU,https://www4.stat.ncsu.edu/~boos/var.select/diabetes.html,Not reported,Tabular,442 instances,"10 baseline variables (age, sex, bmi, bp, s1-s6)",Quantitative measure of disease progression one year after baseline,Bundled with scikit-learn,Not reported,Open (no login),scikit-learn load_diabetes(),Not reported,High: standard regression benchmark,Medium: QML regression (VQR) feasible with 10->8 qubits; fewer QML regression baselines,Source verified,sklearn features mean-centred and scaled by std*sqrt(n_samples); 442 rows,"Efron B, Hastie T, Johnstone I, Tibshirani R (2004) Least Angle Regression, Annals of Statistics, 407-499"
CLN-018,METABRIC breast cancer (cBioPortal brca_metabric),Clinical/Tabular,cancer,cBioPortal,https://www.cbioportal.org/study/summary?id=brca_metabric,Not reported,"Clinical tabular + genomic (targeted seq, CNA, mRNA microarray)",2509 samples (2433 sequenced; 2173 CNA; 1980 mRNA microarray; 1866 complete),Not reported,None (multi-purpose),Not reported,Not reported,Open (no login): None (publicStudy: true),cBioPortal web/API,Import date 2026-01-05; reference genome hg19,High where access is granted; multi-table EHR needs cohort definition and patient-level splits,Medium: only after cohort extraction into a compact tabular view with representative sampling,Source verified,License not stated in API,"Pereira et al. Nat Commun 2016; Rueda et al. Nature 2019; Curtis et al. Nature 2012 (PMIDs 27161491, 30867590, 22522925)"
CLN-019,Stroke Prediction Dataset,Clinical/Tabular,cardiovascular,Kaggle,https://www.kaggle.com/datasets/fedesoriano/stroke-prediction-dataset,Not reported,Tabular,Not reported,11 clinical features,Stroke event,Not reported,Data files © Original Authors,Registration / click-through terms: Assessment: Kaggle account for download,Kaggle web/API,"1 (last updated January 26, 2021)",High where access is granted; multi-table EHR needs cohort definition and patient-level splits; access must be obtained first,Medium: only after cohort extraction into a compact tabular view with representative sampling,Source verified,Provenance unknown: source stated as confidential; educational use only; Assessment: unsuitable for clinical claims,Creator requests citation if used (fedesoriano)
CLN-020,"Framingham Heart Study-Cohort (FHS-Cohort), BioLINCC",Clinical/Tabular,cardiovascular,NHLBI BioLINCC,https://biolincc.nhlbi.nih.gov/studies/framcohort/,Not reported,Longitudinal cohort tabular,Not reported,Not reported,None (multi-purpose; event follow-up),Not reported,Not reported,Controlled access (application / DUA approval): Full or expedited IRB/Ethics Committee approval (waivers/exemptions insufficient); BioLINCC request and agreement; commercial use restrictions by consent,BioLINCC data request,Not reported,High where access is granted; multi-table EHR needs cohort definition and patient-level splits; access must be obtained first,Medium: only after cohort extraction into a compact tabular view with representative sampling,Access verified,Restricted; single community,Not reported
CLN-021,Framingham Heart Study teaching dataset (BioLINCC),Clinical/Tabular,cardiovascular,NHLBI BioLINCC,https://www.biolincc.nhlbi.nih.gov/teaching/,Not reported,Longitudinal tabular,Not reported,Not reported,None,Not reported,Not reported,Registration / click-through terms: Free upon request via BioLINCC teaching dataset request form,Request form,Documentation 2021a,High where access is granted; multi-table EHR needs cohort definition and patient-level splits; access must be obtained first,Medium: only after cohort extraction into a compact tabular view with representative sampling,Access verified,Explicitly unsuitable for publication (statistically anonymised),Not reported
NLP-001,PubMed annual baseline (MEDLINE/PubMed XML),Medical Text and Healthcare NLP,biomedical_literature,NLM / NCBI FTP,https://pubmed.ncbi.nlm.nih.gov/download/,Not reported,Text (citations/abstracts) + metadata,Not reported (baseline is 'a complete snapshot of PubMed data'),Not reported,Not reported,XML,Terms and Conditions in README.txt bundled with baseline/update files; downloading indicates acceptance,Open (no login): None stated; acceptance of NLM Terms and Conditions (README.txt) by downloading,FTP/HTTPS bulk download; E-utilities API,Annual baseline (year-specific; current file names not verified),High for transformer NLP; terminology resources are features/ontologies not labelled datasets,Low: text requires embeddings first; only hybrid embedding -> PCA -> VQC head as an exploratory study,Access verified,Load baseline then daily updates in numerical order; revised/deleted citations must replace local copies,Not reported
NLP-002,PMC Open Access Subset,Medical Text and Healthcare NLP,biomedical_literature,NCBI PubMed Central,https://pmc.ncbi.nlm.nih.gov/tools/openftlist/,Not reported,Full-text articles,Not reported,Not reported,Not reported,"XML, plain text, PDF (per PMC AWS page); JSON metadata per article",Varies per article ('license terms vary'); license type recorded in per-article JSON metadata,"Open (no login): No login; AWS CLI --no-sign-request. Bulk retrieval only via Cloud, OAI-PMH, E-Utilities or BioC API; other automated bulk retrieval prohibited; users responsible for copyright compliance","AWS S3 (AWS Open Data Sponsorship), OAI-PMH, E-Utilities, BioC API",Continuously updated; S3 Inventory generated daily,High for transformer NLP; terminology resources are features/ontologies not labelled datasets,Low: text requires embeddings first; only hybrid embedding -> PCA -> VQC head as an exploratory study,Access verified,Legacy oa_comm/oa_noncomm split and baseline/incremental bulk packages discontinued as of August 2026 (per PMC AWS page); mixed licenses incl. non-commercial,Not reported
NLP-003,MIMIC-IV-Note: Deidentified free-text clinical notes,Medical Text and Healthcare NLP,clinical_text,PhysioNet,https://physionet.org/content/mimic-iv-note/,10.13026/1n74-ne17,"Clinical free text (discharge summaries, radiology reports)","331,794 discharge summaries; 2,321,355 radiology reports",Not reported,Not reported,CSV,PhysioNet Credentialed Health Data License 1.5.0,Credentialed access (training + DUA): PhysioNet credentialed user; CITI Data or Specimens Only Research training; signed DUA,PhysioNet authenticated download,2.2 (2023-01-06),High for transformer NLP; terminology resources are features/ontologies not labelled datasets; access must be obtained first,Low: text requires embeddings first; only hybrid embedding -> PCA -> VQC head as an exploratory study,Access verified,Single-centre (BIDMC); PHI masked,"Johnson A, Pollard T, Horng S, Celi LA, Mark R. MIMIC-IV-Note (2023). PhysioNet. https://doi.org/10.13026/1n74-ne17"
NLP-004,MedQA (USMLE),Medical Text and Healthcare NLP,medical_qa,GitHub (jind11/MedQA),https://github.com/jind11/MedQA,Not reported,Text (multiple-choice QA + textbook corpus),Not reported on repo page,Not reported,Not reported,Not reported,MIT License (repository),Open (no login): None stated,Google Drive folder link,Not reported,High for transformer NLP; terminology resources are features/ontologies not labelled datasets,Low: text requires embeddings first; only hybrid embedding -> PCA -> VQC head as an exploratory study,Access verified,Not reported,"Jin D, et al. What Disease does this Patient Have? A Large-scale Open Domain Question Answering Dataset from Medical Exams. arXiv:2009.13081 (2020)"
NLP-005,PubMedQA,Medical Text and Healthcare NLP,medical_qa,GitHub / Hugging Face,https://pubmedqa.github.io/,Not reported,Text (question + PubMed abstract context),"PQA-L 1,000; PQA-U 61,200; PQA-A 211,300 (HF total 273,518 rows)",Not reported,final_decision (yes/no/maybe) + long_answer,JSON (GitHub); Parquet (HF),MIT (GitHub repo and HF card),Open (no login),"GitHub data/ dir (PQA-L); Google Drive (PQA-U, PQA-A); HF datasets",Not reported,High for transformer NLP; terminology resources are features/ontologies not labelled datasets,Low: text requires embeddings first; only hybrid embedding -> PCA -> VQC head as an exploratory study,Parsed,"HF card marks curation, bias and limitations sections '[More Information Needed]'","Jin Q, Dhingra B, Liu Z, Cohen W, Lu X. PubMedQA: A Dataset for Biomedical Research Question Answering. EMNLP-IJCNLP 2019, pp. 2567-2577"
NLP-006,MedMCQA,Medical Text and Healthcare NLP,medical_qa,GitHub / Hugging Face,https://medmcqa.github.io/,Not reported,Text (MCQ with explanations),"194,000+ MCQs; HF: train 182,822 / validation 4,183 / test 6,150","Fields: question, opa-opd, cop, exp, subject_name, topic_name, choice_type","cop (correct option, 4 classes)",JSON (GitHub); Parquet (HF),Apache-2.0 (HF card); MIT (GitHub repo),Open (no login),HF datasets / Google Drive,Not reported,High for transformer NLP; terminology resources are features/ontologies not labelled datasets,Low: text requires embeddings first; only hybrid embedding -> PCA -> VQC head as an exploratory study,Access verified,"Test ground truth not released publicly (GitHub); GitHub lists validation 6,150 / test 4,183 vs HF validation 4,183 / test 6,150; licence differs between HF and GitHub","Pal A, Umapathi LK, Sankarasubbu M. MedMCQA. Proc. CHIL 2022, PMLR 174:248-260"
NLP-007,BioASQ,Medical Text and Healthcare NLP,medical_qa,BioASQ Participants Area,https://bioasq.org/,Not reported,"Text (questions, PubMed abstracts/snippets, answers)",Not reported,Not reported,Not reported,Not reported,Not reported,Registration / click-through terms: Register/login at BioASQ Participants Area,Participants Area datasets page,All versions for all tasks available in Participants Area,High for transformer NLP; terminology resources are features/ontologies not labelled datasets; access must be obtained first,Low: text requires embeddings first; only hybrid embedding -> PCA -> VQC head as an exploratory study,Access verified,Not reported,Not reported (site points to public documents incl. 2025 overview and BioASQ-QA corpus papers)
NLP-008,n2c2 (formerly i2b2) NLP Research Data Sets,Medical Text and Healthcare NLP,clinical_text,Harvard DBMI Data Portal,https://n2c2.dbmi.hms.harvard.edu/data-sets,Not reported,Clinical free-text notes,Not reported,Not reported,Not reported,Not reported,n2c2 Data Use Agreement,Controlled access (application / DUA approval): Individual registration on DBMI Data Portal and DUA; no sharing or public posting,DBMI Data Portal,Not reported,High for transformer NLP; terminology resources are features/ontologies not labelled datasets; access must be obtained first,Low: text requires embeddings first; only hybrid embedding -> PCA -> VQC head as an exploratory study,Access verified,Each user must access independently; redistribution prohibited,Per-dataset challenge papers listed on data-sets page
NLP-009,UMLS Metathesaurus,Medical Text and Healthcare NLP,terminology,NLM UMLS,https://www.nlm.nih.gov/research/umls/index.html,Not reported,Terminology / knowledge source,Not reported,Not reported,Not reported,RRF in ZIP,"UMLS Metathesaurus License (individual, no charge); some sources need additional agreements",Registration / click-through terms: UTS account + individual UMLS license (not issued to groups/organizations),UTS authenticated download; MetamorphoSys subsetting,2026AA (2026-05-04),High for transformer NLP; terminology resources are features/ontologies not labelled datasets; access must be obtained first,Low: text requires embeddings first; only hybrid embedding -> PCA -> VQC head as an exploratory study,Access verified,Needs ~40 GB disk; MetamorphoSys 2-10 h; source-vocabulary restrictions apply,Not reported
NLP-010,Medical Subject Headings (MeSH),Medical Text and Healthcare NLP,terminology,NLM,https://www.nlm.nih.gov/mesh/meshhome.html,Not reported,Controlled hierarchical vocabulary,Not reported,Not reported,Not reported,"XML, MARC 21, RDF (ASCII discontinued Jan 2026)",NLM Terms and Conditions (https://www.nlm.nih.gov/databases/download/terms_and_conditions.html),Open (no login): None stated,HTTPS bulk files; MeSH Browser; RDF API/SPARQL,2026 production; 2027 preview,High for transformer NLP; terminology resources are features/ontologies not labelled datasets,Low: text requires embeddings first; only hybrid embedding -> PCA -> VQC head as an exploratory study,Access verified,Descriptors/qualifiers updated annually; SCRs daily,Not reported
NLP-011,NCBI Disease Corpus,Medical Text and Healthcare NLP,biomedical_ner,NCBI CBB research,https://www.ncbi.nlm.nih.gov/CBBresearch/Dogan/DISEASE/,Not reported,Text (PubMed abstracts),"793 PubMed abstracts; 6,892 disease mentions; 790 unique concepts",Not reported,Disease mentions normalized to MeSH/OMIM,Not reported,Public domain notice,Open (no login),"Direct download (train/dev/test, mention-level and full sets)",Not reported,High for transformer NLP; terminology resources are features/ontologies not labelled datasets,Low: text requires embeddings first; only hybrid embedding -> PCA -> VQC head as an exploratory study,Access verified,Not reported,"Dogan RI, Leaman R, Lu Z. NCBI disease corpus (J Biomed Inform 2014) (Assessment: journal not on fetched page)"
NLP-012,BioCreative V CDR corpus (BC5CDR),Medical Text and Healthcare NLP,biomedical_ner,BioCreative,https://biocreative.bioinformatics.udel.edu/tasks/biocreative-v/track-3-cdr/,10.1093/database/baw068,Text (PubMed articles),"1,500 PubMed articles",Not reported,Chemical & disease mentions with concept IDs; CID relations,Not reported,Public Domain Mark 1.0 (HF bigbio card); not stated on BioCreative page,Open (no login): None stated ('freely available for the research community'),HF mirror zip; BioCreative resources page (403 on fetch),Not reported,High for transformer NLP; terminology resources are features/ontologies not labelled datasets,Low: text requires embeddings first; only hybrid embedding -> PCA -> VQC head as an exploratory study,Source verified,Not reported,"Li J, Sun Y, Johnson RJ, et al. BioCreative V CDR task corpus. Database 2016; doi:10.1093/database/baw068"
NLP-013,MedNLI,Medical Text and Healthcare NLP,clinical_text,PhysioNet,https://physionet.org/content/mednli/,10.13026/C2RS98,Clinical sentence pairs,Not reported on fetched page,Not reported,gold_label (NLI),JSONL (SNLI/MultiNLI format),PhysioNet Credentialed Health Data License 1.5.0,Credentialed access (training + DUA): Credentialed PhysioNet user; CITI training; PhysioNet Credentialed Health Data Use Agreement 1.5.0,PhysioNet authenticated download,1.0.0 (2019-10-01),High for transformer NLP; terminology resources are features/ontologies not labelled datasets; access must be obtained first,Low: text requires embeddings first; only hybrid embedding -> PCA -> VQC head as an exploratory study,Access verified,Single-centre source (MIMIC-III),Shivade C. MedNLI (v1.0.0). PhysioNet 2019. https://doi.org/10.13026/C2RS98
NLP-014,SNOMED CT (US Edition / International),Medical Text and Healthcare NLP,terminology,SNOMED International / NLM,https://www.nlm.nih.gov/healthit/snomedct/index.html,Not reported,Terminology,Not reported,Not reported,Not reported,Not reported,SNOMED CT Affiliate License,Registration / click-through terms: US: UMLS license/UTS account; free in Member countries; non-Member territories license via MLDS with possible fees,UTS (US Edition); MLDS,"US Edition 20260901; US bi-annual (Mar/Sep), International Edition monthly",High for transformer NLP; terminology resources are features/ontologies not labelled datasets; access must be obtained first,Low: text requires embeddings first; only hybrid embedding -> PCA -> VQC head as an exploratory study,Access verified,Licensing fees may apply in non-Member territories,Not reported
NLP-015,LOINC,Medical Text and Healthcare NLP,terminology,Regenstrief Institute,https://loinc.org/downloads/,Not reported,Terminology table,Not reported,Not reported,Not reported,Not reported,LOINC License,Registration / click-through terms: LOINC username/password login,Authenticated web download,"2.83 (2026-08-19); releases Feb and Aug, monthly planned from 2027",High for transformer NLP; terminology resources are features/ontologies not labelled datasets; access must be obtained first,Low: text requires embeddings first; only hybrid embedding -> PCA -> VQC head as an exploratory study,Access verified,Not reported,Not reported
NLP-016,emrQA,Medical Text and Healthcare NLP,medical_qa,GitHub (panushri25/emrQA),https://github.com/panushri25/emrQA,Not reported,Clinical text QA,"1,957,835 QA pairs; 1,225,369 question-logical form pairs; 2,425 clinical notes",Not reported,Not reported,"JSON, CSV",n2c2 DUA,Controlled access (application / DUA approval): Sign n2c2 data use agreement via DBMI portal,DBMI portal + generation scripts,Not reported,High for transformer NLP; terminology resources are features/ontologies not labelled datasets; access must be obtained first,Low: text requires embeddings first; only hybrid embedding -> PCA -> VQC head as an exploratory study,Access verified,Assessment: templated questions; depends on n2c2 access,"Pampari A, et al. emrQA: A Large Corpus for Question Answering on Electronic Medical Records. EMNLP 2018"
NLP-017,MTSamples transcribed medical reports,Medical Text and Healthcare NLP,clinical_text,mtsamples.com,https://mtsamples.com/,Not reported,Transcribed medical reports,5043 medical transcription samples,40 specialties,Not reported,Not reported,"Not reported; may print, share or link for educational purposes with attribution to MTSamples.com",Open (no login): None; attribution requested,Web browsing,Not reported,High for transformer NLP; terminology resources are features/ontologies not labelled datasets,Low: text requires embeddings first; only hybrid embedding -> PCA -> VQC head as an exploratory study,Source verified,Not guaranteed complete or error free; accuracy not certified; not authentic patient records,Not reported
NLP-018,CORD-19,Medical Text and Healthcare NLP,biomedical_literature,Allen Institute for AI (Semantic Scholar),https://github.com/allenai/cord19,Not reported,Text (full-text papers + metadata + embeddings),"Over 1 million papers; nearly 370,000 with full text",Not reported,Not reported,"metadata.csv, document_parses JSON (tar.gz), SPECTER embeddings","Varies by paper (CC0, CC-BY, Gold OA, Green OA, others)",Open (no login),S3 release archives,Final release 2022-06-02,High for transformer NLP; terminology resources are features/ontologies not labelled datasets,Low: text requires embeddings first; only hybrid embedding -> PCA -> VQC head as an exploratory study,Access verified,No longer updated; mixed per-paper licenses,"Wang LL, et al. CORD-19: The COVID-19 Open Research Dataset. NLP-COVID workshop, ACL 2020"
IMG-001,BraTS 2021 (RSNA-ASNR-MICCAI Brain Tumor Segmentation),Medical Imaging,brain_mri,Synapse (Task 1) / Kaggle (Task 2); challenge site at UPenn CBICA,https://www.med.upenn.edu/cbica/brats2021/,10.48550/arXiv.2107.02314 (challenge paper),"Multi-parametric MRI: T1, T1Gd, T2, T2-FLAIR","2,000 cases / 8,000 mpMRI scans (CBICA page); paper abstract states 2,040 patients",Not applicable (images),"Voxel labels: 1 necrotic core, 2 peritumoral edema, 4 enhancing tumor, 0 other; MGMT methylation status",NIfTI (.nii.gz) for Task 1; DICOM (.dcm) for Task 2,Not reported for data (arXiv paper itself is CC BY 4.0),Registration / click-through terms: Create Synapse (Task 1) or Kaggle (Task 2) account and complete registration form,Synapse platform download (Task 1); Kaggle competition data (Task 2),BraTS 2021,High for CNN/ViT baselines when labels exist; split by patient/study; access must be obtained first,"Low directly (images far exceed qubit budgets). Hybrid only: pretrained CNN embedding -> PCA-8 -> VQC head, or MedMNIST 28x28 -> PCA",Access verified,"Count discrepancy between sources (2,000 cases vs 2,040 patients); Synapse landing page content not machine-readable; Assessment: test labels held by challenge",Baid U. et al. The RSNA-ASNR-MICCAI BraTS 2021 Benchmark on Brain Tumor Segmentation and Radiogenomic Classification. arXiv:2107.02314; users must cite five publications incl. Menze et al. 2015
IMG-002,Brain Tumor MRI Dataset (Nickparvar),Medical Imaging,brain_mri,Kaggle Datasets,https://www.kaggle.com/datasets/masoudnickparvar/brain-tumor-mri-dataset,Not reported,Brain MRI (2D images),"7,200 images (5,600 train / 1,600 test)",Not applicable (images),"4 classes: glioma, meningioma, pituitary tumor, no tumor",Not reported,CC BY 4.0,Registration / click-through terms: Assessment: Kaggle account needed for download (not stated on page),Kaggle web/API download,2,High for CNN/ViT baselines when labels exist; split by patient/study; access must be obtained first,"Low directly (images far exceed qubit budgets). Hybrid only: pretrained CNN embedding -> PCA-8 -> VQC head, or MedMNIST 28x28 -> PCA",Access verified,Assessment: aggregated secondary dataset; source datasets and image resolution not stated in fetched metadata,Not reported
IMG-003,UPENN-GBM,Medical Imaging,brain_mri,The Cancer Imaging Archive (TCIA),https://www.cancerimagingarchive.net/collection/upenn-gbm/,10.7937/TCIA.709X-DN49,Multi-parametric MRI; histopathology slides,"3,301 studies / 3,680 series / 828,234 images",Not applicable (images),Not reported,"DICOM, NIfTI, NDPI (histopathology), CSV",CC BY 4.0,"Open (no login): None stated beyond tools (TCIA Data Retriever, IBM Aspera Connect)",TCIA Data Retriever; IBM Aspera Connect; PathDB viewer; CSV download,Version 2 (updated 2022/10/24),High for CNN/ViT baselines when labels exist; split by patient/study,"Low directly (images far exceed qubit budgets). Hybrid only: pretrained CNN embedding -> PCA-8 -> VQC head, or MedMNIST 28x28 -> PCA",Access verified,NIfTI images registered to SRI atlas and will not align with DICOM by design; single health system,"Bakas S., Sako C., Akbari H., et al. (2021). Multi-parametric MRI scans for de novo Glioblastoma (GBM) patients from the University of Pennsylvania Health System (UPENN-GBM) (Version 2). TCIA. doi:10.7937/TCIA.709X-DN49"
IMG-004,LIDC-IDRI,Medical Imaging,lung_ct,The Cancer Imaging Archive (TCIA),https://www.cancerimagingarchive.net/collection/lidc-idri/,10.7937/K9/TCIA.2015.LO9QL9SX,"CT, DX, CR","1,308 studies / 1,308 series / 244,527 images",Not applicable (images),Not reported,DICOM; XML annotations; XLS/XLSX,CC BY 3.0,Open (no login): None stated,TCIA Data Retriever (133.15 GB DICOM); XML-only annotations separately (8.62 MB); Imaging Data Commons,Version 4 (updated 2020/09/21),High for CNN/ViT baselines when labels exist; split by patient/study,"Low directly (images far exceed qubit budgets). Hybrid only: pretrained CNN embedding -> PCA-8 -> VQC head, or MedMNIST 28x28 -> PCA",Access verified,Not reported,"Armato III S.G., McLennan G., Bidaut L., et al. Data From LIDC-IDRI [Data set]. TCIA. https://doi.org/10.7937/K9/TCIA.2015.LO9QL9SX"
IMG-005,NLST (National Lung Screening Trial) imaging,Medical Imaging,lung_ct,The Cancer Imaging Archive (TCIA),https://www.cancerimagingarchive.net/collection/nlst/,10.7937/TCIA.HMQ8-J677,CT; histopathology; tissue microarray,"73,116 studies / 203,099 series / 21,082,265 images",Not applicable (images),Not reported,"DICOM (CT); clinical spreadsheets (SAS, ZIP, DOC)",CC BY 4.0,Open (no login): None stated on TCIA page,TCIA Data Retriever (CT); IBM Aspera Connect (histopathology); spreadsheet download (clinical),Version 3 (updated 2021/09/24),High for CNN/ViT baselines when labels exist; split by patient/study,"Low directly (images far exceed qubit budgets). Hybrid only: pretrained CNN embedding -> PCA-8 -> VQC head, or MedMNIST 28x28 -> PCA",Access verified,Very large (11.92 TB),National Lung Screening Trial Research Team. (2013). Data from the National Lung Screening Trial (NLST) [Data set]. TCIA. doi:10.7937/TCIA.HMQ8-J677
IMG-006,"Chest X-Ray Images (Pneumonia), Kermany et al.",Medical Imaging,chest_xray,Mendeley Data,https://data.mendeley.com/datasets/rscbjbr9sj/2,10.17632/rscbjbr9sj.2,Chest X-ray (pediatric); Mendeley record also includes OCT images,"5,863 JPEG images (Kaggle mirror)",Not applicable (images),2 categories: Pneumonia / Normal,JPEG (Kaggle mirror),CC BY 4.0 (stated on Kaggle mirror; not shown on fetched Mendeley page),Open (no login): Assessment: none for Mendeley; Kaggle mirror needs account,Mendeley Data download; Kaggle mirror,"2 (Mendeley, published 2018-01-06)",High for CNN/ViT baselines when labels exist; split by patient/study,"Low directly (images far exceed qubit budgets). Hybrid only: pretrained CNN embedding -> PCA-8 -> VQC head, or MedMNIST 28x28 -> PCA",Access verified,Single centre; pediatric only; Kaggle mirror organized train/test/val with small val split,Kermany D. et al. Identifying Medical Diagnoses and Treatable Diseases by Image-Based Deep Learning. Cell 2018 (cell.com/cell/fulltext/S0092-8674(18)30154-5)
IMG-007,NIH ChestX-ray14,Medical Imaging,chest_xray,NIH Clinical Center (Box),https://nihcc.app.box.com/v/ChestXray-NIHCC,Not reported,Chest X-ray (frontal view),"Over 100,000 images (NIH CC news); ChestX-ray8 paper: 108,948 frontal-view images",Not applicable (images),Text-mined disease labels (8 in ChestX-ray8 paper; 14-label version count not confirmed in fetched pages),Not reported,Not reported,Open (no login): None stated (news: researchers can 'freely access'),Box folder download,Not reported,High for CNN/ViT baselines when labels exist; split by patient/study,"Low directly (images far exceed qubit budgets). Hybrid only: pretrained CNN embedding -> PCA-8 -> VQC head, or MedMNIST 28x28 -> PCA",Source verified,"Labels NLP-derived (noisy); 112,120/30,805/14-label figures not confirmed on fetched pages; Box page needs JavaScript",Wang X. et al. ChestX-ray8: Hospital-scale Chest X-ray Database and Benchmarks... (arXiv:1705.02315)
IMG-008,CheXpert,Medical Imaging,chest_xray,Stanford AIMI,https://stanfordmlgroup.github.io/competitions/chexpert/,10.71718/y7pj-4v93,Chest X-ray,"224,316 chest radiographs",Not applicable (images),"14 observations labeled positive/negative/uncertain; competition on 5 (atelectasis, cardiomegaly, consolidation, edema, pleural effusion)",Not reported,Not reported (AIMI page has Terms & Conditions; text not extracted),"Registration / click-through terms: Accept Stanford AIMI Terms & Conditions (Assessment: login required, not confirmed)",Stanford AIMI / Azure web interface (Redivis also mentioned),Not reported,High for CNN/ViT baselines when labels exist; split by patient/study; access must be obtained first,"Low directly (images far exceed qubit budgets). Hybrid only: pretrained CNN embedding -> PCA-8 -> VQC head, or MedMNIST 28x28 -> PCA",Access verified,Single institution; automated labels with uncertainty,Irvin J. et al. CheXpert: A Large Chest Radiograph Dataset with Uncertainty Labels and Expert Comparison. arXiv:1901.07031
IMG-009,MIMIC-CXR v2.0.0,Medical Imaging,chest_xray,PhysioNet,https://physionet.org/content/mimic-cxr/2.0.0/,10.13026/C2JT1Q (v2.0.0); 10.13026/s5dg-6s42 (latest),Chest X-ray,"377,110 images / 227,835 radiographic studies",Not applicable (images),Free-text radiology reports (structured labels in MIMIC-CXR-JPG),DICOM (JPG in separate MIMIC-CXR-JPG),PhysioNet Credentialed Health Data License 1.5.0,Credentialed access (training + DUA): Credentialed PhysioNet user; CITI Data or Specimens Only Research training; sign DUA,PhysioNet authenticated download,"2.0.0 (versions 1.0.0, 2.0.0, 2.1.0)",High for CNN/ViT baselines when labels exist; split by patient/study; access must be obtained first,"Low directly (images far exceed qubit budgets). Hybrid only: pretrained CNN embedding -> PCA-8 -> VQC head, or MedMNIST 28x28 -> PCA",Access verified,Single centre; ED population; no sharing/reidentification permitted,"Johnson A., Pollard T., Mark R., Berkowitz S., Horng S. (2019). MIMIC-CXR Database (version 2.0.0). PhysioNet. https://doi.org/10.13026/C2JT1Q"
IMG-010,OASIS-3,Medical Imaging,alzheimers_mri,OASIS Brains / NITRC-IR,https://sites.wustl.edu/oasisbrains/home/oasis-3/,10.1101/2019.12.13.19014902 (medRxiv paper),"MRI (T1w, T2w, FLAIR, ASL, SWI, TOF, rs-BOLD, DTI); PET (PIB, AV45, FDG, AV1451); CT","2,842 MR sessions / 2,157 PET sessions / 1,472 CT sessions",Not applicable (images),Not reported,DICOM; FreeSurfer outputs; PUP post-processed files; JSON; UDS clinical forms,Not reported (OASIS Data Use Agreement; acknowledgment required),Controlled access (application / DUA approval): NITRC registration; access request application; DUA; AV45/AV1451 publications submitted to Avid 30 days prior,NITRC-IR,Not reported,High for CNN/ViT baselines when labels exist; split by patient/study; access must be obtained first,"Low directly (images far exceed qubit budgets). Hybrid only: pretrained CNN embedding -> PCA-8 -> VQC head, or MedMNIST 28x28 -> PCA",Access verified,Not reported,"LaMontagne P.J. et al. OASIS-3: Longitudinal Neuroimaging, Clinical, and Cognitive Dataset for Normal Aging and Alzheimer Disease. medRxiv 2019"
IMG-011,ADNI (Alzheimer's Disease Neuroimaging Initiative),Medical Imaging,alzheimers_mri,LONI Image and Data Archive (IDA),https://adni.loni.usc.edu/,Not reported,"MRI, PET; biofluids, genetics/omics, neuropathology, cognitive assessments",Not reported,Not applicable (images),Not reported,Not reported,Not reported (ADNI Data Use Agreement and publication policies),Controlled access (application / DUA approval): Accept DUA; online application with affiliation and research use; Data Sharing and Publications Committee review (~2 weeks); annual account update,LONI IDA download after approval,Not reported,High for CNN/ViT baselines when labels exist; split by patient/study; access must be obtained first,"Low directly (images far exceed qubit budgets). Hybrid only: pretrained CNN embedding -> PCA-8 -> VQC head, or MedMNIST 28x28 -> PCA",Access verified,Assessment: diagnosis group membership per visit schedule; counts per phase not stated on fetched pages,Not reported
IMG-012,CBIS-DDSM,Medical Imaging,mammography,The Cancer Imaging Archive (TCIA),https://www.cancerimagingarchive.net/collection/cbis-ddsm/,10.7937/K9/TCIA.2016.7O02S9CY,Mammography (MG),"6,775 studies / 6,775 series / 10,239 images",Not applicable (images),Pathologic diagnosis; BI-RADS,DICOM; CSV case descriptions,CC BY 3.0,Open (no login): None stated,NBIA Data Retriever,Version 1 (updated 2017/09/14),High for CNN/ViT baselines when labels exist; split by patient/study,"Low directly (images far exceed qubit budgets). Hybrid only: pretrained CNN embedding -> PCA-8 -> VQC head, or MedMNIST 28x28 -> PCA",Access verified,Predefined 80/20 train/test split stratified by BI-RADS; Assessment: digitized film mammograms,"Sawyer-Lee R., Gimenez F., Hoogi A., Rubin D. (2016). Curated Breast Imaging Subset of DDSM (CBIS-DDSM) [Data set]. TCIA. doi:10.7937/K9/TCIA.2016.7O02S9CY"
IMG-013,VinDr-Mammo,Medical Imaging,mammography,PhysioNet,https://physionet.org/content/vindr-mammo/1.0.0/,10.13026/br2v-7517 (v1.0.0); 10.13026/5vp3-8s83 (latest),Full-field digital mammography,"5,000 four-view exams / 20,000 images",Not applicable (images),BI-RADS 1-5; breast density A-D; finding categories,DICOM,PhysioNet Restricted Health Data License 1.5.0,Registration / click-through terms: Registered PhysioNet user; sign data use agreement,PhysioNet authenticated download,1.0.0,High for CNN/ViT baselines when labels exist; split by patient/study; access must be obtained first,"Low directly (images far exceed qubit budgets). Hybrid only: pretrained CNN embedding -> PCA-8 -> VQC head, or MedMNIST 28x28 -> PCA",Access verified,Not reported,"Pham H.H., Nguyen Trung H., Nguyen H.Q. (2022). VinDr-Mammo dataset. PhysioNet."
IMG-014,HAM10000,Medical Imaging,skin_lesions,Harvard Dataverse,https://dataverse.harvard.edu/dataset.xhtml?persistentId=doi:10.7910/DVN/DBW86T,10.7910/DVN/DBW86T,Dermatoscopy,"10,015 dermatoscopic images",Not applicable (images),"7 categories: akiec, bcc, bkl, df, nv, mel, vasc","JPEG, 800x600 px, 72 DPI, 8-bit",CC-BY 4.0 (as reported on Sci Data descriptor page; Dataverse terms not fetched),Open (no login),Harvard Dataverse; ISIC Archive,Not reported,High for CNN/ViT baselines when labels exist; split by patient/study,"Low directly (images far exceed qubit budgets). Hybrid only: pretrained CNN embedding -> PCA-8 -> VQC head, or MedMNIST 28x28 -> PCA",Source verified,Two sites only; class imbalance (Assessment),"Tschandl P., Rosendahl C., Kittler H. The HAM10000 dataset... Sci. Data 5, 180161 (2018)"
IMG-015,ISIC Archive / ISIC 2019-2020 challenge,Medical Imaging,skin_lesions,ISIC Archive,https://challenge.isic-archive.com/data/,Not reported,Dermatoscopy,"2019: 25,331 train / 8,238 test; 2020: 33,126 train / 10,982 test; Archive: 549,571 public images",Not applicable (images),"2019: MEL, NV, BCC, AK, BKL, DF, VASC, SCC; 2020: melanoma vs non-melanoma",JPEG (2019); DICOM and JPEG (2020),CC-BY-NC 4.0 (2019 and 2020 challenge data),Open (no login): None for challenge zips; ISIC account referenced for archive features,Direct S3 zip downloads; gallery; ISIC API; isic-cli,Not reported,High for CNN/ViT baselines when labels exist; split by patient/study,"Low directly (images far exceed qubit budgets). Hybrid only: pretrained CNN embedding -> PCA-8 -> VQC head, or MedMNIST 28x28 -> PCA",Access verified,Non-commercial license,"2019: Tschandl et al. Sci Data 5,180161 (2018) + BCN_20000, MSK; 2020: Rotemberg V. et al. Sci Data 8, 34 (2021)"
IMG-016,PatchCamelyon (PCam),Medical Imaging,histopathology,GitHub + Zenodo,https://github.com/basveeling/pcam,10.5281/zenodo.2546921 (per assignment; Zenodo record not fetched),H&E histopathology patches,"327,680 images (96x96 px)",Not applicable (images),Binary: tumor in center 32x32 px region,gzipped HDF5; CSV metadata,CC0 (data); MIT (code),Open (no login),Zenodo or Google Drive,Not reported,High for CNN/ViT baselines when labels exist; split by patient/study,"Low directly (images far exceed qubit budgets). Hybrid only: pretrained CNN embedding -> PCA-8 -> VQC head, or MedMNIST 28x28 -> PCA",Access verified,Derived from CAMELYON16; small patches,"Veeling B.S. et al. 2018, Rotation Equivariant CNNs for Digital Pathology (arXiv:1806.03962)"
IMG-017,CAMELYON16,Medical Imaging,histopathology,Grand Challenge,https://camelyon16.grand-challenge.org/,Not reported,H&E whole-slide images,"400 WSIs (270 train: 160 normal, 110 metastases; 130 test)",Not applicable (images),Not reported,Multi-resolution pyramidal WSI (OpenSlide-readable); XML contours; binary masks,Not reported,Not verified,Not reported,Not reported,High for CNN/ViT baselines when labels exist; split by patient/study; access must be obtained first,"Low directly (images far exceed qubit budgets). Hybrid only: pretrained CNN embedding -> PCA-8 -> VQC head, or MedMNIST 28x28 -> PCA",Source verified,Two centres; download page shows no links,Ehteshami Bejnordi B. et al. JAMA 2017;318(22):2199-2210. doi:10.1001/jama.2017.14585
IMG-018,MedMNIST v2 / MedMNIST+,Medical Imaging,multi_modality,Zenodo + medmnist.com,https://medmnist.com/,10.5281/zenodo.10519652,"Multiple (pathology, CXR, dermatoscopy, OCT, fundus, ultrasound, blood cells, CT, etc.)","~708K 2D images and ~10K 3D images across 18 datasets (12 2D, 6 3D)",Not applicable (images),"Binary/multi-class, ordinal regression, multi-label",.npz,CC BY 4.0 except DermaMNIST CC BY-NC 4.0; code Apache-2.0,Open (no login),Zenodo files or medmnist Python package,"3.0 (Zenodo, 2024-01-16)",High for CNN/ViT baselines when labels exist; split by patient/study,"Low directly (images far exceed qubit budgets). Hybrid only: pretrained CNN embedding -> PCA-8 -> VQC head, or MedMNIST 28x28 -> PCA",Access verified,"Derived/downsampled from source datasets; resolutions 28-224 (2D), 28/64 (3D)","Yang J. et al., MedMNIST v2, Scientific Data (2023); ISBI 2021"
IMG-019,APTOS 2019 Blindness Detection,Medical Imaging,retinal,Kaggle Competitions,https://www.kaggle.com/competitions/aptos2019-blindness-detection,Not reported,Retinal fundus photography (Assessment),Not verified,Not applicable (images),Not verified,Not reported,Not reported (competition rules not retrievable),Competition rules acceptance (account required): Assessment: Kaggle account and competition rules acceptance,Kaggle competition download,Not reported,High for CNN/ViT baselines when labels exist; split by patient/study; access must be obtained first,"Low directly (images far exceed qubit budgets). Hybrid only: pretrained CNN embedding -> PCA-8 -> VQC head, or MedMNIST 28x28 -> PCA",Source verified,"Fetched pages contained only metadata; counts, grades, size unverified",Not reported
IMG-020,IDRiD (Indian Diabetic Retinopathy Image Dataset),Medical Imaging,retinal,IEEE DataPort,https://ieee-dataport.org/open-access/indian-diabetic-retinopathy-image-dataset-idrid,10.21227/H25W98,Retinal fundus photography,Segmentation 81 images; Grading 516 (413 train/103 test); Localization 516 (413/103),Not applicable (images),DR grade 0-4; DME grade 0-2; lesion masks; OD/fovea coordinates,JPG images; TIFF ground truth; CSV labels; ZIP,Not reported,Registration / click-through terms: Free IEEE DataPort account login (IEEE membership not needed),IEEE DataPort ZIP downloads,Not reported,High for CNN/ViT baselines when labels exist; split by patient/study; access must be obtained first,"Low directly (images far exceed qubit budgets). Hybrid only: pretrained CNN embedding -> PCA-8 -> VQC head, or MedMNIST 28x28 -> PCA",Access verified,Small dataset; single population,"Porwal P. et al., 2018 (ISBI 2018 challenge)"
PH-001,WHO Global Health Observatory (GHO) OData API,Public Health,epidemiology,WHO Global Health Observatory,https://www.who.int/data/gho/info/gho-odata-api,Not reported,Aggregate indicator data via OData REST API,Not reported,Not reported (indicator count not stated),Not applicable (aggregate indicators),JSON (OData; /Indicator returned JSON with @odata.context); docs state default 'Observatory's XML schema'; Power BI OData feed,Not reported on API page (WHO 'Terms of use' linked in footer),Open (no login): None stated; no authentication mentioned,OData REST queries with $filter on dimensions/time,Not reported,"Medium: aggregate indicators suit regression/forecasting and descriptive analysis, not patient-level prediction",Low: aggregate panels have few independent samples; QML adds little beyond toy regression,Access verified,"Assessment: indicator definitions, disaggregation and years vary per indicator; reporting frequency not stated.",Not reported (contact gho_info@who.int)
PH-002,WHO Mortality Database,Public Health,mortality,WHO,https://www.who.int/data/data-collection-tools/who-mortality-database,Not reported,Death registration counts (civil registration and vital statistics),Not reported (note: over '2 million records in one data file'),Not reported,Not applicable (aggregate indicators),ASCII comma-separated values (raw files),Non-commercial: 'no use will be made of them for commercial purposes'; WHO must be credited as source,Open (no login): Accept non-commercial use condition; credit WHO,Direct file download from landing page; interactive portal,ICD-10 files last update 23 February 2026,"Medium: aggregate indicators suit regression/forecasting and descriptive analysis, not patient-level prediction",Low: aggregate panels have few independent samples; QML adds little beyond toy regression,Access verified,Coverage/completeness varies; 'cross-national differences in coding practices' must be considered; raw files require DBMS; multiple ICD revisions.,Not reported (publications must credit WHO as source)
PH-003,WHO/UNICEF Estimates of National Immunization Coverage (WUENIC),Public Health,vaccination,WHO Immunization Data portal,https://immunizationdata.who.int/,Not reported,Country-level coverage estimates,Not reported,Not reported (coverage by antigen),Not applicable (aggregate indicators),.xlsx,Not reported (WHO Terms of use linked in footer),Open (no login): None stated,Direct xlsx download; dashboards; WHO VISTA app,2025 estimates (annual July release),"Medium: aggregate indicators suit regression/forecasting and descriptive analysis, not patient-level prediction",Low: aggregate panels have few independent samples; QML adds little beyond toy regression,Access verified,Assessment: modelled estimates; annual national aggregates only.,Not reported
PH-004,CDC WONDER Underlying Cause of Death,Public Health,mortality,CDC WONDER,https://wonder.cdc.gov/deaths-by-underlying-cause.html,Not reported,Aggregated death certificate data (query tables),Not reported,"Variables: age groups, race, Hispanic ethnicity, sex, ICD-10 4-digit cause, 113 selected causes, injury intent/mechanism, place of death, month, weekday, autopsy, urbanization",Not applicable (aggregate indicators),Not reported,Data use restrictions: 'Use these data for health statistical reporting and analysis only. Do not present or publish death counts of 9 or fewer...',Registration / click-through terms: Agree to data use restrictions before query (no re-identification; report inadvertent discoveries); access_level: click-through agreement,Interactive web query with table export; API not stated on fetched pages,Single-race 2018-2024 release,"Medium: aggregate indicators suit regression/forecasting and descriptive analysis, not patient-level prediction; access must be obtained first",Low: aggregate panels have few independent samples; QML adds little beyond toy regression,Access verified,Suppression of counts <10; violations can lead to penalties under 18 USC 1001; aggregate only.,Not reported
PH-005,Behavioral Risk Factor Surveillance System (BRFSS) annual survey data,Public Health,epidemiology,CDC BRFSS,https://www.cdc.gov/brfss/annual_data/annual_data.htm,Not reported,Respondent-level survey microdata,"457,670 records (2024)",345 variables (2024 SAS Transport),Not applicable: respondent-level survey microdata; outcome chosen per study (correction by catalogue maintainer: this dataset is not aggregate),"SAS Transport (XPT, zipped), ASCII (zipped)",Not reported,Open (no login): None stated,Direct zip download,2024 data released August 2025; 2025 listed,"Medium: aggregate indicators suit regression/forecasting and descriptive analysis, not patient-level prediction",Low: aggregate panels have few independent samples; QML adds little beyond toy regression,Access verified,Self-reported; 2011 weighting change limits comparability with earlier years (Assessment).,Not reported
PH-006,National Health and Nutrition Examination Survey (NHANES),Public Health,epidemiology,CDC NCHS,https://wwwn.cdc.gov/nchs/nhanes/default.aspx,Not reported,"Survey microdata: interview, physical exam, laboratory",Not reported per cycle,"Components: Demographics, Dietary, Examination, Laboratory, Questionnaire, Limited Access",Not applicable: respondent-level survey microdata; outcome chosen per study (correction by catalogue maintainer: this dataset is not aggregate),Not reported on fetched pages (SAS Viewer referenced),Not reported,"Open (no login): Review NHANES Data User Agreement; restricted files via NCHS Research Data Center (fee, Standard Application Process)",Direct file download per cycle/component,Aug 2021-Aug 2023 cycle (updated sample design),"Medium: aggregate indicators suit regression/forecasting and descriptive analysis, not patient-level prediction",Low: aggregate panels have few independent samples; QML adds little beyond toy regression,Access verified,"Restricted variables only via RDC; 2021-2023 design changes affect comparability (stated: updated sample design, modified questionnaires).",Not reported
PH-007,NNDSS Weekly Data,Public Health,epidemiology,data.cdc.gov (Socrata),https://data.cdc.gov/d/x9gk-5huc,Not reported,Aggregate weekly case counts by reporting area,"Not stated; metadata column stats show 2,000,040 non-null 'Reporting Area' values at fetch time (another fetch reported 1,991,640)","Columns: Reporting Area, Current MMWR Year, MMWR Week, Label, Current week (+flag), Previous 52 week Max (+flag), Cumulative YTD current/previous year (+flags), Location1/2, Sort_order, Geocode",Not applicable (aggregate indicators),CSV/JSON (Socrata),Not reported in metadata,Open (no login),Socrata CSV export / SODA API,Updated 2026-09-30,"Medium: aggregate indicators suit regression/forecasting and descriptive analysis, not patient-level prediction",Low: aggregate panels have few independent samples; QML adds little beyond toy regression,Access verified,Provisional counts; delayed reporting; flags for suppressed/unavailable values.,"Attribution: Office of Public Health Data, Surveillance, and Technology, CDC"
PH-008,"PLACES: Local Data for Better Health, County Data, 2025 release",Public Health,epidemiology,data.cdc.gov (Socrata),https://data.cdc.gov/d/swc5-untb,Not reported,Model-based small-area estimates,Not reported,"40 measures; columns incl. Year, StateAbbr, LocationName, DataSource, Category, Measure, Data_Value, Low/High_Confidence_Limit, TotalPopulation, LocationID, MeasureId",Not applicable (aggregate indicators),CSV/JSON (Socrata),Public Domain,Open (no login),Socrata CSV export / SODA API,2025 release,"Medium: aggregate indicators suit regression/forecasting and descriptive analysis, not patient-level prediction",Low: aggregate panels have few independent samples; QML adds little beyond toy regression,Access verified,"Model-based estimates, not direct survey measures (Assessment).","Attribution: CDC, NCCDPHP, Division of Population Health"
PH-009,NCHS - Leading Causes of Death: United States,Public Health,mortality,data.cdc.gov (Socrata),https://data.cdc.gov/d/bi63-dtpu,Not reported,Aggregate death counts and age-adjusted rates,"10,868 records","6 columns: Year, 113 Cause Name, Cause Name, State, Deaths, Age-adjusted Death Rate",Not applicable (aggregate indicators),CSV/JSON (Socrata),Public Domain U.S. Government,Open (no login),Socrata CSV export / SODA API,Rows updated 2019-10-24,"Medium: aggregate indicators suit regression/forecasting and descriptive analysis, not patient-level prediction",Low: aggregate panels have few independent samples; QML adds little beyond toy regression,Access verified,Ends 2017; not updated since 2019.,Attribution: NCHS/DVS
PH-010,"National Family Health Survey (NFHS-5), 2019-21",Public Health,india_health,IIPS / MoHFW; OGD Platform India (data.gov.in),https://data.gov.in/resource/all-india-and-stateut-wise-factsheets-national-family-health-survey-nfhs-5-2019-2021,Not reported,Survey-based state/UT factsheet indicators,Not reported in fetched content (Table 1.2 by state),Not reported,Not applicable (aggregate indicators),Not reported,Not reported on page (OGD platform),Open (no login): None stated for factsheet; unit-level data access not verified,data.gov.in resource download,NFHS-5 (2019-21),"Medium: aggregate indicators suit regression/forecasting and descriptive analysis, not patient-level prediction",Low: aggregate panels have few independent samples; QML adds little beyond toy regression,Source verified,rchiips.org could not be fetched; unit-level microdata access (DHS Program) not verified.,"'National Family Health Survey (NFHS-5), 2019-21: India. Mumbai: IIPS.'"
PH-011,Health Management Information System (HMIS) India,Public Health,india_health,MoHFW HMIS; OGD Platform India,https://hmis.mohfw.gov.in/,Not reported,Aggregated routine health facility reports,Not reported,"Indicators incl. 'Health, Abortions, Immunisation, AEFI, Adolescent, Bite, Sting, Disease'",Not applicable (aggregate indicators),Not reported,Not reported (references NDSAP),Open (no login): Not verified for HMIS portal,data.gov.in resource download (no API),Published 23/12/2020; updated 25/05/2021,"Medium: aggregate indicators suit regression/forecasting and descriptive analysis, not patient-level prediction",Low: aggregate panels have few independent samples; QML adds little beyond toy regression,Source verified,HMIS portal hmis.mohfw.gov.in not fetched (timeout); only a state example resource verified.,Not reported
PH-012,"State/UT-wise Total Number of PHCs, SHCs and District Hospitals as per Rural Health Statistics (RHS) 2021-22",Public Health,india_health,OGD Platform India (data.gov.in),https://www.data.gov.in/resource/stateut-wise-total-number-primary-health-centres-phcs-sub-health-centres-shcs-and-district,Not reported,Aggregate counts,Not reported,Not reported,Not applicable (aggregate indicators),Not reported,Not reported (none shown),Open (no login): None stated,data.gov.in resource download,RHS 2021-22,"Medium: aggregate indicators suit regression/forecasting and descriptive analysis, not patient-level prediction",Low: aggregate panels have few independent samples; QML adds little beyond toy regression,Source verified,Single-year infrastructure snapshot.,Not reported
PH-013,IHME Global Burden of Disease (GBD) Results Tool,Public Health,epidemiology,IHME GHDx,https://vizhub.healthdata.org/gbd-results/,Not reported,Modelled estimates,Not reported,GBD 2019 page: 369 diseases and injuries; '350+ health outcomes and risk factors',Not applicable (aggregate indicators),Not reported,IHME FREE-OF-CHARGE NON-COMMERCIAL USER AGREEMENT (May 2020),Not verified: Non-commercial use only; commercial users must contact IHME; registration requirement not confirmed (Results Tool page returned 403),GBD Results Tool query + download,GBD 2021 estimates (tool); GBD 2023 latest round,"Medium: aggregate indicators suit regression/forecasting and descriptive analysis, not patient-level prediction; access must be obtained first",Low: aggregate panels have few independent samples; QML adds little beyond toy regression,Access verified,Agreement prohibits commercial use and derivative datasets; modelled estimates.,Attribution: 'Source: Institute for Health Metrics and Evaluation. Used with permission. All rights reserved'
PH-014,Our World in Data COVID-19 dataset,Public Health,epidemiology,GitHub (owid/covid-19-data),https://github.com/owid/covid-19-data,Not reported,Aggregate time series,Not reported,Approx. 60+ variables (README),Not applicable (aggregate indicators),"CSV, XLSX, JSON",Creative Commons BY license,Open (no login),Direct CSV/XLSX/JSON download; OWID ETL catalog,Archived; last update 19 August 2024,"Medium: aggregate indicators suit regression/forecasting and descriptive analysis, not patient-level prediction",Low: aggregate panels have few independent samples; QML adds little beyond toy regression,Parsed,Repository archived; switched from JHU to WHO weekly data.,"Mathieu, E., Ritchie, H., Ortiz-Ospina, E. et al. A global database of COVID-19 vaccinations. Nat Hum Behav (2021)."
PH-015,World Bank World Development Indicators (Health topic),Public Health,social_determinants,World Bank Data Catalog,https://datacatalog.worldbank.org/search/dataset/0037712/World-Development-Indicators,Not reported,Aggregate country-year indicators,Not reported,"WDI 'over 1,500 indicators'; health topic page lists 56 indicators",Not applicable (aggregate indicators),"CSV, XML, Excel; API",Creative Commons Attribution 4.0,Open (no login),Bulk download / Indicators API v2,Updated 2025-12-19,"Medium: aggregate indicators suit regression/forecasting and descriptive analysis, not patient-level prediction",Low: aggregate panels have few independent samples; QML adds little beyond toy regression,Access verified,Assessment: annual national aggregates; indicator gaps by country.,Not reported
PH-016,CDC/ATSDR Social Vulnerability Index (SVI),Public Health,social_determinants,CDC/ATSDR GRASP,https://www.atsdr.cdc.gov/place-health/php/svi/index.html,Not reported,Census-derived index,Not reported,16 ACS census variables in 4 themes,Not applicable (aggregate indicators),Not reported on fetched pages,Not reported,Open (no login): None stated,Download page (formats not confirmed),2022 latest listed,"Medium: aggregate indicators suit regression/forecasting and descriptive analysis, not patient-level prediction",Low: aggregate panels have few independent samples; QML adds little beyond toy regression,Source verified,Census tract boundaries change over time (comparability).,"'Centers for Disease Control and Prevention/ Agency for Toxic Substances and Disease Registry/ Geospatial Research, Analysis, and Services Program. CDC/ATSDR Social Vulnerability Index [Year] Database [U.S. or State].'"
PH-017,EPA Air Quality System (AQS) / AirData,Public Health,social_determinants,US EPA,https://www.epa.gov/outdoor-air-quality-data,Not reported,"Monitor measurements (raw/hourly, daily, annual summaries)",Not reported,"Criteria gases (O3, SO2, CO, NO2), PM2.5, PM10, speciation, meteorology, toxics, lead",Not applicable (aggregate indicators),Zipped CSV (pre-generated); JSON (API),Not reported,Open (no login): Files: none; API requires registration (email + key),"Pre-generated zip files (updated twice yearly, late May and November); AQS Data API",Files updated spring/fall,"Medium: aggregate indicators suit regression/forecasting and descriptive analysis, not patient-level prediction",Low: aggregate panels have few independent samples; QML adds little beyond toy regression,Access verified,"Monitor-site data, not gridded (Assessment).",Not reported
PH-018,DHS Program (Demographic and Health Surveys),Public Health,epidemiology,The DHS Program (ICF/USAID),https://dhsprogram.com/data/,Not reported,"Household survey microdata; biomarker, GPS",'over 90 countries from over 300 surveys',Not reported,Not applicable (aggregate indicators),Compressed zip files (format-specific formats not stated on fetched page),"Terms of Use Statement required for GPS, HIV and biomarker datasets",Registration / click-through terms: Registered user; request with project title and analysis description; review in 24-48 h; send resulting publications (PDF) to DHS archive,Download after approval; sensitive data via secure FTP,Not reported,"Medium: aggregate indicators suit regression/forecasting and descriptive analysis, not patient-level prediction; access must be obtained first",Low: aggregate panels have few independent samples; QML adds little beyond toy regression,Access verified,GPS/HIV/biomarker data restricted; access per project approval.,Not reported
TS-001,MIT-BIH Arrhythmia Database,Physiological/Time-Series,ecg,PhysioNet,https://physionet.org/content/mitdb/1.0.0/,10.13026/C2F305,Two-channel ambulatory ECG,48 half-hour recordings,2 channels @ 360 Hz; 30-min excerpts,Beat and rhythm annotations,"WFDB: .dat, .hea, .atr annotations, .xws",Open Data Commons Attribution License v1.0,Open (no login): None; must conform to license terms (PhysioNet open access),"ZIP (73.5 MB), wget -r -N -c -np, AWS S3 sync --no-sign-request",1.0.0,High: well-annotated signals; use record/subject-grouped windows,"Low-Medium: raw signals too long; hybrid with engineered features (HRV, spectral power) reduced to 8 qubits",Parsed,Small cohort (47 subjects); 1975-1979 recordings. Assessment: older single-centre data.,"Moody GB, Mark RG. The impact of the MIT-BIH Arrhythmia Database. IEEE Eng Med Biol 20(3):45-50 (2001) + PhysioNet standard citation (Pollard et al., Nature Health 2026, doi:10.1038/s44360-026-00096-z)"
TS-002,"PTB-XL, a large publicly available electrocardiography dataset",Physiological/Time-Series,ecg,PhysioNet,https://physionet.org/content/ptb-xl/1.0.3/,10.13026/kfzx-aw45,12-lead ECG,"21,799 ECG records (10 s each)",12 leads @ 500 Hz (100 Hz downsampled copy); 10 s,71 SCP-ECG statements (diagnostic/form/rhythm),"WFDB (.dat/.hea, 16-bit); CSV metadata (ptbxl_database.csv, scp_statements.csv)",CC BY 4.0,Open (no login): None; must conform to license terms (PhysioNet open access),File browser / wget from PhysioNet files directory,"1.0.3 (latest, published 2022-11-09)",High: well-annotated signals; use record/subject-grouped windows,"Low-Medium: raw signals too long; hybrid with engineered features (HRV, spectral power) reduced to 8 qubits",Access verified,Not reported,"Wagner P et al. PTB-XL, a large publicly available electrocardiography dataset. Sci Data 2020, doi:10.1038/s41597-020-0495-6 + PhysioNet standard citation (Pollard et al., Nature Health 2026, doi:10.1038/s44360-026-00096-z)"
TS-003,PTB Diagnostic ECG Database,Physiological/Time-Series,ecg,PhysioNet,https://physionet.org/content/ptbdb/1.0.0/,10.13026/C28C71,12-lead ECG + 3 Frank XYZ leads,549 records,15 signals (12 leads + 3 Frank) @ 1000 Hz (10 kHz on request),Diagnostic class,"WFDB (.hea with clinical summaries, signal files)",Open Data Commons Attribution License v1.0,Open (no login): None; must conform to license terms (PhysioNet open access),"ZIP (1.7 GB), wget, AWS S3 sync --no-sign-request",1.0.0,High: well-annotated signals; use record/subject-grouped windows,"Low-Medium: raw signals too long; hybrid with engineered features (HRV, spectral power) reduced to 8 qubits",Access verified,"Clinical summary missing for 22 subjects; subject numbers 124,132,134,161 absent. Assessment: MI-dominated class imbalance.","Bousseljot R et al. (1995), Biomedizinische Technik + PhysioNet standard citation (Pollard et al., Nature Health 2026, doi:10.1038/s44360-026-00096-z)"
TS-004,AF Classification from a Short Single Lead ECG Recording: The PhysioNet/Computing in Cardiology Challenge 2017,Physiological/Time-Series,ecg,PhysioNet,https://physionet.org/content/challenge-2017/1.0.0/,10.13026/d3hm-sf11,Single-lead ECG (AliveCor handheld device),"8,528 training recordings; 3,658 hidden test recordings",1 lead @ 300 Hz; 9-61 s,Normal / AF / Other rhythm / Noisy,WFDB-compliant MATLAB V4 (.mat + .hea),Open Data Commons Attribution License v1.0,Open (no login): None; must conform to license terms (PhysioNet open access),"ZIP, wget, AWS S3",1.0.0,High: well-annotated signals; use record/subject-grouped windows,"Low-Medium: raw signals too long; hybrid with engineered features (HRV, spectral power) reduced to 8 qubits",Access verified,Labels from single expert (re-scoring noted); short recordings; test set hidden,"Clifford GD, Liu C, Moody B, et al. AF classification from a short single lead ECG recording: The PhysioNet/Computing in Cardiology Challenge 2017. Computing in Cardiology 2017"
TS-005,CHB-MIT Scalp EEG Database,Physiological/Time-Series,eeg,PhysioNet,https://physionet.org/content/chbmit/1.0.0/,10.13026/C2K01R,Scalp EEG (pediatric),664 EDF files (129 with seizures); 198 seizures,"23 EEG channels (24-26 in some) @ 256 Hz, 16-bit, 10-20 system; files mostly 1 h (some 2-4 h)",Seizure onset/offset,EDF + .seizure annotation files + chbNN-summary.txt,Open Data Commons Attribution License v1.0,Open (no login): None; must conform to license terms (PhysioNet open access),"ZIP (42.6 GB), wget, AWS S3",1.0.0,High: well-annotated signals; use record/subject-grouped windows,"Low-Medium: raw signals too long; hybrid with engineered features (HRV, spectral power) reduced to 8 qubits",Access verified,"PHI replaced with surrogates; gaps (typically <=10 s) between consecutive files; single centre, 22 subjects","Guttag J (2010). CHB-MIT Scalp EEG Database (v1.0.0). PhysioNet; plus Shoeb A, MIT PhD thesis 2009 + PhysioNet standard citation (Pollard et al., Nature Health 2026)"
TS-006,EEG Motor Movement/Imagery Dataset,Physiological/Time-Series,eeg,PhysioNet,https://physionet.org/content/eegmmidb/1.0.0/,10.13026/C28G6P,64-channel EEG (BCI2000),"1,526 runs (109 subjects x 14 runs)","64 EEG channels @ 160 Hz, 10-10 system",Task events T0/T1/T2,EDF+ with .event annotation files,Open Data Commons Attribution License v1.0,Open (no login): None; must conform to license terms (PhysioNet open access),"ZIP (1.9 GB), wget, AWS S3",1.0.0,High: well-annotated signals; use record/subject-grouped windows,"Low-Medium: raw signals too long; hybrid with engineered features (HRV, spectral power) reduced to 8 qubits",Access verified,T1/T2 meanings differ by run type; must map via run number,"Schalk G (2009). EEG Motor Movement/Imagery Dataset (v1.0.0). PhysioNet, doi:10.13026/C28G6P"
TS-007,Sleep-EDF Database Expanded,Physiological/Time-Series,sleep,PhysioNet,https://physionet.org/content/sleep-edfx/1.0.0/,10.13026/C2X676,"Polysomnography (EEG, EOG, EMG)",197 whole-night PSG recordings (SC 153; ST 44),"EEG Fpz-Cz, Pz-Oz, EOG, chin EMG @ 100 Hz; resp/temp/event @ 1 Hz",Sleep stage hypnogram,EDF / EDF+ (PSG and hypnogram files),Open Data Commons Attribution License v1.0,Open (no login): None; must conform to license terms (PhysioNet open access),"ZIP (8.1 GB), wget, AWS S3",1.0.0,High: well-annotated signals; use record/subject-grouped windows,"Low-Medium: raw signals too long; hybrid with engineered features (HRV, spectral power) reduced to 8 qubits",Access verified,"Nights lost: subjects 36 & 52 first night, subject 13 second night","Kemp B et al. IEEE-BME 47(9):1185-1194 (2000) + PhysioNet standard citation (Pollard et al., Nature Health 2026, doi:10.1038/s44360-026-00096-z)"
TS-008,Temple University Hospital EEG Corpus (TUEG) and subsets,Physiological/Time-Series,eeg,"Neural Engineering Data Consortium (NEDC), Temple University",https://isip.piconepress.com/projects/nedc/html/tuh_eeg/,Not reported,Clinical scalp EEG,"TUEG: 26,846 clinical EEG recordings",Not reported,"Subset-dependent (TUAB, TUAR, TUEP, TUEV, TUSZ, TUSL labels)",EDF,Not reported (data use agreement form required),Registration / click-through terms: Signed registration/DUA form emailed to help@nedcdata.org; approval ~24-48 h; SSH key,rsync via SSH keys; or mailed 8 TB USB drive,TUEG v2.0.2; TUAB v3.0.1; TUAR v3.0.1; TUEP v3.1.0; TUEV v2.0.1; TUSZ v2.0.6; TUSL v2.0.1,High: well-annotated signals; use record/subject-grouped windows; access must be obtained first,"Low-Medium: raw signals too long; hybrid with engineered features (HRV, spectral power) reduced to 8 qubits",Access verified,Sampling rates/channel counts not stated on landing page; single hospital,Not reported explicitly on page (journal paper and thesis references listed)
TS-009,BIDMC PPG and Respiration Dataset,Physiological/Time-Series,spo2,PhysioNet,https://physionet.org/content/bidmc/1.0.0/,10.13026/C2208R,"PPG, impedance respiration, ECG lead II, numerics (HR, RR, SpO2)",53 recordings x 8 min,Waveforms @ 125 Hz; HR/RR/SpO2 @ 1 Hz,Breath annotations / respiratory rate,"WFDB, CSV, MATLAB .mat",Open Data Commons Attribution License v1.0,Open (no login): None; must conform to license terms (PhysioNet open access),"ZIP (207.8 MB), wget, AWS",1.0.0,High: well-annotated signals; use record/subject-grouped windows,"Low-Medium: raw signals too long; hybrid with engineered features (HRV, spectral power) reduced to 8 qubits",Parsed,Small (53 x 8 min); single centre ICU,"Pimentel MAF et al. IEEE Trans Biomed Eng 64(8):1914-1923 (2016), doi:10.1109/TBME.2016.2613124"
TS-010,MIMIC-III Waveform Database Matched Subset,Physiological/Time-Series,icu_vitals,PhysioNet,https://physionet.org/content/mimic3wdb-matched/1.0/,10.13026/c2294b,"Bedside monitor waveforms (ECG, ABP, respiration, PPG) + numerics (HR, SpO2, BP)","22,317 waveform records; 22,247 numerics records",Multiple signals per record; sampling frequency not stated on page,None (linked to MIMIC-III v1.4 clinical data),"WFDB (.hea, .dat)",Open Data Commons Open Database License v1.0,Open (no login): None; must conform to license terms (PhysioNet open access),"wget, AWS CLI, web file browser",1.0,High: well-annotated signals; use record/subject-grouped windows,"Low-Medium: raw signals too long; hybrid with engineered features (HRV, spectral power) reduced to 8 qubits",Access verified,Only ~34-35% of waveform/numerics records could be matched to clinical records; linked clinical data (MIMIC-III) is credentialed,"Moody B et al. MIMIC-III Waveform Database Matched Subset (v1.0), PhysioNet 2020; Johnson AEW et al. MIMIC-III, Sci Data 2016"
TS-011,MIMIC-IV Waveform Database,Physiological/Time-Series,icu_vitals,PhysioNet,https://physionet.org/content/mimic4wdb/0.1.0/,10.13026/a2mw-f949,"ECG, PPG, respiration, invasive/non-invasive BP",200 records,Not reported (multiple signals per record),None (linkable via subject_id/hadm_id),WFDB signals; compressed CSV numerics,Open Data Commons Open Database License v1.0,Open (no login): None; must conform to license terms (PhysioNet open access),"wget, AWS CLI","0.1.0 (latest, 2022-07-10)",High: well-annotated signals; use record/subject-grouped windows,"Low-Medium: raw signals too long; hybrid with engineered features (HRV, spectral power) reduced to 8 qubits",Access verified,v0.1.0 is a technical preview ahead of v1.0.0; only 200 records; single centre,"Moody B et al. MIMIC-IV Waveform Database (v0.1.0), PhysioNet 2022, doi:10.13026/a2mw-f949"
TS-012,WESAD (Wearable Stress and Affect Detection),Physiological/Time-Series,wearable,UCI Machine Learning Repository,https://archive.ics.uci.edu/dataset/465/wesad+wearable+stress+and+affect+detection,10.24432/C57K5T,"Chest RespiBAN (ECG, EDA, EMG, resp, temp, ACC) + wrist Empatica E4 (BVP, EDA, temp, ACC)","63,000,000 instances","RespiBAN @ 700 Hz; E4 BVP 64 Hz, EDA 4 Hz, TEMP 4 Hz, ACC 32 Hz","Affective state: neutral, stress, amusement",Not reported,Not reported on UCI page (refers to linked dataset for licensing),Not verified: See linked dataset homepage for terms,Via linked homepage,Not reported,High: well-annotated signals; use record/subject-grouped windows; access must be obtained first,"Low-Medium: raw signals too long; hybrid with engineered features (HRV, spectral power) reduced to 8 qubits",Source verified,"15 subjects, lab setting; license not stated on UCI page","Schmidt P, Reiss A. WESAD (Wearable Stress and Affect Detection) [Dataset]. UCI 2018, doi:10.24432/C57K5T"
TS-013,PPG-DaLiA,Physiological/Time-Series,wearable,UCI Machine Learning Repository,https://archive.ics.uci.edu/dataset/495/ppg+dalia,10.24432/C53890,"Chest RespiBAN (ECG, resp, ACC) + wrist Empatica E4 (BVP, EDA, temp, ACC)","8,300,000 instances","RespiBAN @ 700 Hz; E4 BVP 64 Hz, EDA 4 Hz, TEMP 4 Hz, ACC 32 Hz",Heart rate (ground truth from ECG),ZIP archive + readme.pdf,CC BY 4.0,Open (no login),Direct ZIP download / ucimlrepo,Donated 2019-07-29,High: well-annotated signals; use record/subject-grouped windows,"Low-Medium: raw signals too long; hybrid with engineered features (HRV, spectral power) reduced to 8 qubits",Access verified,15 subjects,"Reiss A, Indlekofer I, Schmidt P. PPG-DaLiA [Dataset]. UCI 2019, doi:10.24432/C53890"
TS-014,Apnea-ECG Database,Physiological/Time-Series,sleep,PhysioNet,https://physionet.org/content/apnea-ecg/1.0.0/,10.13026/C23W2R,Single-channel ECG (+ respiration/SpO2 for 8 records),"70 recordings (35 learning a/b/c, 35 test x01-x35)",ECG @ 100 Hz; ~7-10 h per recording; 4 extra signals in 8 records,Per-minute apnea presence/absence,"WFDB .dat (16-bit), .hea, .apn, .qrs",Open Data Commons Attribution License v1.0,Open (no login): None; must conform to license terms (PhysioNet open access),"ZIP, wget, AWS S3",1.0.0,High: well-annotated signals; use record/subject-grouped windows,"Low-Medium: raw signals too long; hybrid with engineered features (HRV, spectral power) reduced to 8 qubits",Access verified,.qrs files unaudited and contain errors; c05 and c06 derive from same recording,"Penzel T, Moody GB, Mark RG, Goldberger AL, Peter JH. The Apnea-ECG Database. Computers in Cardiology 2000;27:255-258 + PhysioNet standard citation (Pollard et al., Nature Health 2026, doi:10.1038/s44360-026-00096-z)"
TS-015,CAP Sleep Database,Physiological/Time-Series,sleep,PhysioNet,https://physionet.org/content/capslpdb/1.0.0/,10.13026/C2VC79,Polysomnography,108 recordings,">=3 EEG + EOG, chin/tibial EMG, airflow, resp effort, SaO2, ECG",Sleep stages and CAP phases,EDF; .txt (REMlogic) and .st annotations,Open Data Commons Attribution License v1.0,Open (no login): None; must conform to license terms (PhysioNet open access),"ZIP (40.1 GB), wget, AWS S3",1.0.0,High: well-annotated signals; use record/subject-grouped windows,"Low-Medium: raw signals too long; hybrid with engineered features (HRV, spectral power) reduced to 8 qubits",Access verified,Single centre; small disorder subgroups,"Terzano MG et al. Sleep Med 2001;2(6):537-553 + PhysioNet standard citation (Pollard et al., Nature Health 2026, doi:10.1038/s44360-026-00096-z)"
TS-016,Cuff-Less Blood Pressure Estimation,Physiological/Time-Series,blood_pressure,UCI Machine Learning Repository,https://archive.ics.uci.edu/dataset/340/cuff+less+blood+pressure+estimation,10.24432/C5B602,"PPG (fingertip), invasive ABP (mmHg), ECG","12,000 instances","3 channels (PPG, ABP, ECG) @ 125 Hz",Blood pressure (from ABP),"MATLAB v7.3 .mat (cell arrays, 4 parts)",CC BY 4.0,Open (no login),Direct download from UCI,Donated 2015-07-26,Medium: signal-level features must be engineered. Assessment: confirm whether subject identity is recoverable to avoid leakage,"Low-Medium: after feature extraction (PTT, HR, PPG morphology) 8-qubit VQR possible",Access verified,Subject count not reported; derived from PhysioNet (MIMIC-II) data. Assessment: records may not be subject-independent.,"Kachuee M, Kiani MM, Mohammadzade H, Shabany M. Cuff-less high-accuracy calibration-free blood pressure estimation using pulse transit time. ISCAS 2015"
TS-017,Non-EEG Dataset for Assessment of Neurological Status,Physiological/Time-Series,wearable,PhysioNet,https://physionet.org/content/noneeg/1.0.0/,10.13026/C26Q2Z,"Wrist biosensors: EDA, temperature, 3-axis ACC, HR, SpO2",40 records (2 per subject),5 signal types; sampling frequencies not stated on page,Protocol stage (relax/physical/cognitive/emotional stress),WFDB (2 records per subject) + annotations; subjectinfo.csv,Open Data Commons Attribution License v1.0,Open (no login): None; must conform to license terms (PhysioNet open access),"ZIP, wget, AWS CLI",1.0.0,High: well-annotated signals; use record/subject-grouped windows,"Low-Medium: raw signals too long; hybrid with engineered features (HRV, spectral power) reduced to 8 qubits",Parsed,20 healthy subjects only,"Birjandtalab J et al. A Non-EEG Biosignals Dataset for Assessment and Visualization of Neurological Status. IEEE SiPS 2016, pp.110-114"
TS-018,Icentia11k Single Lead Continuous Raw Electrocardiogram Dataset,Physiological/Time-Series,ecg,PhysioNet,https://physionet.org/content/icentia11k-continuous-ecg/1.0/,10.13026/kk0v-r952,"Single-lead continuous ECG (CardioSTAT, modified lead I)","541,794 segments (~70 min each, 1,048,577 samples)","1 lead @ 250 Hz, 16-bit; up to 2 weeks per patient","Beat (N, S, V, Q) and rhythm (NSR, AFib, AFlutter) labels",WFDB,CC BY-NC-SA 4.0,Open (no login): None; must conform to license terms (PhysioNet open access),"ZIP (188.3 GB), wget, AWS S3",1.0,High: well-annotated signals; use record/subject-grouped windows,"Low-Medium: raw signals too long; hybrid with engineered features (HRV, spectral power) reduced to 8 qubits",Access verified,"Non-commercial license; patients mostly referred for cardiac evaluation, arrhythmia-enriched","Tan et al. (2022). Icentia11k Single Lead Continuous Raw Electrocardiogram Dataset (v1.0). PhysioNet, doi:10.13026/kk0v-r952"
TS-019,Early Prediction of Sepsis from Clinical Data: The PhysioNet/Computing in Cardiology Challenge 2019,Physiological/Time-Series,icu_vitals,PhysioNet,https://physionet.org/content/challenge-2019/1.0.0/,10.13026/v64v-d857,"Hourly ICU vitals, labs, demographics (tabular time series)","40,336 patient files (set A 20,336; set B 20,000)","40 variables: 8 vitals, 26 labs, 6 demographics",SepsisLabel (Sepsis-3; shifted 6 h earlier),Pipe-delimited .psv (one per patient),CC BY 4.0,Open (no login): None; must conform to license terms (PhysioNet open access),"wget, AWS S3 --no-sign-request",1.0.0,High: well-annotated signals; use record/subject-grouped windows,"Low-Medium: raw signals too long; hybrid with engineered features (HRV, spectral power) reduced to 8 qubits",Access verified,Third hospital test set not public; heavy missingness,"Reyna MA et al. Early Prediction of Sepsis From Clinical Data: the PhysioNet/Computing in Cardiology Challenge 2019. Crit Care Med 48(2):210-217 + PhysioNet standard citation (Pollard et al., Nature Health 2026, doi:10.1038/s44360-026-00096-z)"
TS-020,A Wearable Exam Stress Dataset for Predicting Cognitive Performance in Real-World Settings,Physiological/Time-Series,wearable,PhysioNet,https://physionet.org/content/wearable-exam-stress/1.0.0/,10.13026/kvkb-aj90,"Empatica E4: EDA, HR, BVP, skin temp, IBI, ACC",30 sessions (10 students x 3 exams),6 E4 signals; sampling rates in per-participant info.txt,Exam grades,"CSV (ACC, BVP, EDA, HR, IBI, TEMP, tags) + info.txt",Open Data Commons Attribution License v1.0,Open (no login): None; must conform to license terms (PhysioNet open access),"ZIP (82.0 MB), wget, AWS CLI",1.0.0 (latest),High: well-annotated signals; use record/subject-grouped windows,"Low-Medium: raw signals too long; hybrid with engineered features (HRV, spectral power) reduced to 8 qubits",Parsed,Small sample; motion artifacts; real-world variability,"Amin MR, Wickramasuriya D, Faghih RT. A Wearable Exam Stress Dataset... PhysioNet 2022, doi:10.13026/kvkb-aj90"
